Session ID,Title,Format,Type,Estimated Capacity,Subject/Topic,Sponsor,Start Time,End Time,Room ID,Date
6124,Miguel de Unamuno: Critical Engagements with Embodiment,Panel,Special Sessions,25,Spanish Literature: Twentieth and Twenty-First Centuries,[''],08:30:00,09:45:00,1,1/9
6126,Empire and Environment: Confronting Ecological Ruination in the Asia-Pacific and North America,Panel,Special Sessions,45,American Literature: Twentieth and Twenty-First Centuries,[''],10:15:00,11:30:00,1,1/9
6129,When the Canon Is Not Enough,Roundtable,Forum Sessions,30,Latin American Literature: Latin American Literature,['LLC Colonial Latin American'],08:30:00,09:45:00,2,1/9
6131,Legacies of the Avant-Garde,Roundtable,Forum Sessions,50,American Literature: Twentieth and Twenty-First Centuries,['LLC 20th- and 21st-Century American'],12:00:00,13:15:00,2,1/9
6149,Beyond the Pleasure Principle: A Centenary Roundtable,Roundtable,Forum Sessions,100,Comparative Literature: General,['LLC Victorian and Early-20th-Century English'],08:30:00,09:45:00,8,1/9
6178,Posthumanism and Premodern China,Panel,Forum Sessions,30,Asian Literatures: Asian Literatures,['LLC Pre-14th-Century Chinese'],12:00:00,13:15:00,1,1/9
6180,Translatability and World Literature,Panel,Forum Sessions,50,"Genre, Theory, Method: Translation",['TC Translation Studies'],13:45:00,15:00:00,1,1/9
6181,What Is (Chinese) Poetry?,Panel,Forum Sessions,30,Asian Literatures: Asian Literatures,['LLC Pre-14th-Century Chinese'],15:30:00,16:45:00,1,1/9
6182,Intervenciones feministas en la era digital,Panel,Allied Organizations,50,Comparative Literature: Twentieth and Twenty-First Centuries,['Feministas Unidas'],17:15:00,18:30:00,1,1/9
6183,The Classical Chinese Cosmopolis,Panel,Forum Sessions,30,Asian Literatures: Asian Literatures,['LLC Pre-14th-Century Chinese'],19:00:00,20:15:00,1,1/9
6184,"Rethinking Translation, Origination, Originality",Panel,Forum Sessions,25,"Genre, Theory, Method: Translation",['TC Translation Studies'],08:30:00,09:45:00,9,1/9
6196,Empathy and the Profession of Literature,Panel,Special Sessions,50,"Genre, Theory, Method: Literary Criticism and Theory",[''],12:00:00,13:15:00,10,1/9
6199,Digital Pedagogies for Nineteenth- and Early-Twentieth-Century Literature,Roundtable,Forum Sessions,60,Teaching: Literature,['LLC Victorian and Early-20th-Century English'],10:15:00,11:30:00,2,1/9
6212,Droit de Cité: L’autre en démocratie ou la bataille pour l’égaliberté,Panel,Allied Organizations,20,Francophone Literature: General,['Conseil International d’Études Francophones'],10:15:00,11:30:00,9,1/9
6215,Contemporary Poets on Wallace Stevens: An Open Conversation,Roundtable,Allied Organizations,40,American Literature: Twentieth and Twenty-First Centuries,['Wallace Stevens Society'],13:45:00,15:00:00,2,1/9
6216,The Valuation of the Seventy-Three Percent: Contingent Faculty Work and Access to Academic Freedom,Panel,MLA Committees,35,The Profession: General,['MLA Committee on Contingent Labor in the Profession'],12:00:00,13:15:00,9,1/9
6219,New Research in Germanic Philology and Linguistics,Panel,Forum Sessions,20,Linguistics: Foreign Languages,['LSL Germanic Philology and Linguistics'],13:45:00,15:00:00,9,1/9
6229,The Presidential Address,Roundtable,MLA Committees,300,The Profession: General,['Presidential Address'],08:30:00,09:45:00,13,1/9
6231,Alternative Imaginaries of the Human in Korean Science Fiction,Panel,Forum Sessions,30,Asian Literatures: Asian Literatures,['LLC Korean'],17:15:00,18:30:00,9,1/9
6232,MLA Delegate Assembly,Workshop,MLA Committees,350,The Profession: General,['Delegate Assembly'],10:15:00,11:30:00,51,1/9
6233,Open Hearing of the MLA Delegate Assembly,Workshop,MLA Committees,60,The Profession: General,['Delegate Assembly Organizing Committee'],13:45:00,15:00:00,15,1/9
6234,[Canceled] Open Hearing on Resolutions,Workshop,MLA Committees,60,The Profession: General,['Delegate Assembly Organizing Committee'],15:30:00,16:45:00,15,1/9
6235,Delegate Assembly Orientation Breakfast,Reception,Social Events,60,,[''],13:45:00,15:00:00,53,1/9
6236,Closed meeting of the DAOC,Reception,Social Events,13,,[''],15:30:00,16:45:00,53,1/9
6239,"No Fear Shakespeare: On Paraphrase, Transmission, and Survival",Panel,Forum Sessions,60,British Literature: Shakespeare,['LLC Shakespeare'],08:30:00,09:45:00,54,1/9
6242,"Making and Using the MLA International Bibliography for the Twenty-First Century: Human Expertise, Digital Tools",Roundtable,MLA Committees,35,The Profession: Research and Bibliography,['Advisory Committee on the MLA International Bibliography'],15:30:00,16:45:00,2,1/9
6244,The Novel about Time: Phenomenologies of Time-Consciousness in Minority Fictions of the United States,Panel,Special Sessions,20,"Genre, Theory, Method: Literary Criticism and Theory",[''],19:00:00,20:15:00,9,1/9
6252,Postsecular Political Theologies,Roundtable,Forum Sessions,60,"Genre, Theory, Method: Literary Criticism and Theory",['TC Religion and Literature'],17:15:00,18:30:00,2,1/9
6258,"Approaches to the Rural in Galician Studies: Gender, Sexuality, and Resistance",Panel,Forum Sessions,20,Galician Literature: Galician Literature,['LLC Galician'],15:30:00,16:45:00,9,1/9
6264,Modern Latin American Poetries in the Classroom,Roundtable,MLA Committees,35,Latin American Literature: Latin American Literature,['MLA Publications Committee'],19:00:00,20:15:00,2,1/9
6266,The Holocaust and New Jewish Fiction,Panel,Special Sessions,40,Jewish Literature: Jewish Literature,[''],17:15:00,18:30:00,10,1/9
6269,The Global Small Magazine,Panel,Forum Sessions,25,African Literatures: African Literatures,['LLC African to 1990'],08:30:00,09:45:00,10,1/9
6292,Legacies of Perpetration: German Family Memory and the Nazi Past,Panel,Allied Organizations,50,"Genre, Theory, Method: Literature and Other Arts, Humanities, Law, Psychology, Science, and Sociology",['American Psychoanalytic Association'],10:15:00,11:30:00,10,1/9
6311,Cinéma-monde francophone,Panel,Forum Sessions,30,Francophone Literature: General,['LLC Francophone'],13:45:00,15:00:00,10,1/9
6317,George Sand’s Humanistic Pedagogy,Panel,Allied Organizations,25,French Literature: Eighteenth and Nineteenth Centuries,['George Sand Association'],15:30:00,16:45:00,10,1/9
6333,"Race, Indigeneity, and Articulations of Sovereignty across the Global South",Panel,Forum Sessions,30,Asian Literatures: Asian Literatures,['CLCS Global South'],10:15:00,11:30:00,54,1/9
6341,Black Queer Contributions,Panel,Forum Sessions,50,American Literature: Twentieth and Twenty-First Centuries,['LLC African American'],19:00:00,20:15:00,10,1/9
6345,Middle English Affects,Roundtable,Forum Sessions,40,British Literature: Old and Middle English,['LLC Middle English'],08:30:00,09:45:00,7,1/9
6347,Joyce and Paris,Panel,Allied Organizations,50,British Literature: Twentieth and Twenty-First Centuries,['International James Joyce Foundation'],12:00:00,13:15:00,54,1/9
6348,Disability Bioethics,Panel,Forum Sessions,30,"Genre, Theory, Method: Literature and Other Arts, Humanities, Law, Psychology, Science, and Sociology",['TC Disability Studies'],13:45:00,15:00:00,54,1/9
6372,Constructed Languages,Panel,Forum Sessions,30,Linguistics: Composite Languages,['TM Language Theory'],15:30:00,16:45:00,54,1/9
6375,When Grendel Met Grumpy Cat: Historical Englishes on the Internet,Roundtable,Forum Sessions,50,Other Literatures: Other Literatures,['TM Language Theory'],10:15:00,11:30:00,8,1/9
6378,New Currents in Medieval Iberian Studies,Panel,Forum Sessions,30,Spanish Literature: Medieval and Renaissance,['LLC Medieval Iberian'],17:15:00,18:30:00,54,1/9
6385,MLQ and the Project of Literary History,Roundtable,Forum Sessions,80,"Genre, Theory, Method: Literary History",['TC History and Literature'],12:00:00,13:15:00,8,1/9
6395,"China’s Environment, Society, and Culture: An Interdisciplinary Roundtable",Roundtable,Forum Sessions,40,"Genre, Theory, Method: Literature and Other Arts, Humanities, Law, Psychology, Science, and Sociology",['LLC Modern and Contemporary Chinese'],12:00:00,13:15:00,7,1/9
6398,Shakespeare and Amateur Hour,Panel,Forum Sessions,15,British Literature: Shakespeare,['LLC Shakespeare'],19:00:00,20:15:00,54,1/9
6411,"Together Again: Literature, Creative Writing, and Composition",Panel,MLA Committees,60,Teaching: Writing,['MLA Committee on K–16 Alliances'],08:30:00,09:45:00,55,1/9
6426,Bringing Translation and Interpreting to the World Language Curriculum,Roundtable,Allied Organizations,25,"Genre, Theory, Method: Translation",['American Translators Association'],10:15:00,11:30:00,3,1/9
6437,Popular Music and Society in Spain,Panel,Forum Sessions,25,"Genre, Theory, Method: Cultural Studies, Folklore, and Popular Culture",['LLC 20th- and 21st-Century Spanish and Iberian'],10:15:00,11:30:00,55,1/9
6453,"Race, Age, and Futurities",Panel,Forum Sessions,40,American Literature: General,['TC Age Studies'],12:00:00,13:15:00,55,1/9
6455,Why Teach Literature?,Panel,Forum Sessions,100,Teaching: Literature,['TM The Teaching of Literature'],08:30:00,09:45:00,56,1/9
6456,Hawthorne and the Digital Humanities,Panel,Allied Organizations,20,American Literature: Before 1900,['Nathaniel Hawthorne Society'],13:45:00,15:00:00,55,1/9
6465,What Is Humanities Research Now?,Roundtable,MLA Committees,30,The Profession: Research and Bibliography,['Advisory Committee on the MLA International Bibliography'],08:30:00,09:45:00,3,1/9
6466,Failure/Échec,Panel,Forum Sessions,30,French Literature: Eighteenth and Nineteenth Centuries,['LLC 18th-Century French'],17:15:00,18:30:00,55,1/9
6480,Poetics and Lineation,Roundtable,Forum Sessions,50,"Genre, Theory, Method: Poetry",['GS Poetry and Poetics'],13:45:00,15:00:00,8,1/9
6481,Linguistic Reimaginings in Speculative Fiction,Panel,Forum Sessions,20,Linguistics: General,['LSL Linguistics and Literature'],15:30:00,16:45:00,55,1/9
6482,Alternate Linguistic Environments in Speculative Fiction,Panel,Forum Sessions,20,Linguistics: General,['LSL Linguistics and Literature'],19:00:00,20:15:00,55,1/9
6497,"Build Your Online Presence, Share Your Scholarship, and Collaborate on MLA Commons and Humanities Commons",Workshop,MLA Committees,30,The Profession: General,['MLA Career Center'],17:15:00,18:30:00,15,1/9
6503,Revisiting Immigration in Asian American Literature,Panel,Forum Sessions,35,American Literature: General,['LLC Asian American'],10:15:00,11:30:00,56,1/9
6507,Historicizing the Human in Human Rights,Panel,Forum Sessions,40,"Genre, Theory, Method: Literary Criticism and Theory",['TC History and Literature'],13:45:00,15:00:00,56,1/9
6523,New Medias in Literature and Anthropology,Panel,Forum Sessions,40,"Genre, Theory, Method: History of the Book, Reception Theory, Comparison with Other Media, and Performance",['TC Anthropology and Literature'],12:00:00,13:15:00,56,1/9
6527,Fictions of Belonging,Roundtable,Forum Sessions,60,"Genre, Theory, Method: Prose Fiction",['GS Prose Fiction'],15:30:00,16:45:00,8,1/9
6534,Bad Reading,Panel,Allied Organizations,30,"Genre, Theory, Method: History of the Book, Reception Theory, Comparison with Other Media, and Performance",['Reception Study Society'],15:30:00,16:45:00,56,1/9
6537,Asian American Reading Publics,Roundtable,Forum Sessions,30,American Literature: Twentieth and Twenty-First Centuries,['LLC Asian American'],15:30:00,16:45:00,3,1/9
6543,Mark Twain and Globalism,Panel,Allied Organizations,30,American Literature: Before 1900,['Mark Twain Circle of America'],17:15:00,18:30:00,56,1/9
6561,Chaucer’s Walls,Panel,Forum Sessions,30,British Literature: Old and Middle English,['LLC Chaucer'],19:00:00,20:15:00,56,1/9
6570,Crosscurrents in Lawrence Studies,Panel,Allied Organizations,25,British Literature: Twentieth and Twenty-First Centuries,['D. H. Lawrence Society of North America'],08:30:00,09:45:00,57,1/9
6573,Transatlantic Melodrama,Panel,Forum Sessions,35,British Literature: Nineteenth Century,['LLC Victorian and Early-20th-Century English'],12:00:00,13:15:00,57,1/9
6576,Poetry and Performance,Panel,Forum Sessions,70,American Literature: General,['LLC Late-19th- and Early-20th-Century American'],13:45:00,15:00:00,57,1/9
6589,Laughing at Power,Panel,Forum Sessions,40,Spanish Literature: Twentieth and Twenty-First Centuries,['LLC 20th- and 21st-Century Spanish and Iberian'],15:30:00,16:45:00,57,1/9
6590,Language and the Interdisciplinary Department,Roundtable,MLA Committees,50,The Profession: Foreign Languages,['MLA Office of Programs'],17:15:00,18:30:00,8,1/9
6599,African American Transnationalism,Panel,Forum Sessions,40,American Literature: Twentieth and Twenty-First Centuries,['TC Race and Ethnicity Studies'],17:15:00,18:30:00,57,1/9
6600,Periodizing Race,Roundtable,Forum Sessions,100,British Literature: General,['LLC Shakespeare'],10:15:00,11:30:00,13,1/9
6601,Biology and Poetics,Panel,Forum Sessions,100,"Genre, Theory, Method: Literature and Other Arts, Humanities, Law, Psychology, Science, and Sociology",['TM Literary Criticism'],19:00:00,20:15:00,57,1/9
6604,"Migration, Islam, Islamophobia",Panel,Forum Sessions,50,"Genre, Theory, Method: Literature and Other Arts, Humanities, Law, Psychology, Science, and Sociology",['TC Religion and Literature'],08:30:00,09:45:00,58,1/9
6608,Music and Lyrics in Medieval and Early Modern Performance,Panel,Allied Organizations,25,"Genre, Theory, Method: Drama",['Lyrica Society for Word-Music Relations'],10:15:00,11:30:00,57,1/9
6613,Disability and Surveillance,Panel,MLA Committees,40,"Genre, Theory, Method: Cultural Studies, Folklore, and Popular Culture",['MLA Committee on Disability Issues in the Profession'],12:00:00,13:15:00,58,1/9
6616,Advancing the Public Humanities,Panel,Allied Organizations,50,The Profession: General,['Community College Humanities Association'],19:00:00,20:15:00,58,1/9
6617,Thoreau and the Limits of the Human,Panel,Allied Organizations,30,American Literature: Before 1900,['Thoreau Society'],10:15:00,11:30:00,58,1/9
6620,Colonial Translation: Rendering Indigenous and Western Exchanges,Panel,Forum Sessions,30,Latin American Literature: Latin American Literature,['LLC Colonial Latin American'],13:45:00,15:00:00,58,1/9
6628,Robber Barons and Other Villains,Panel,Forum Sessions,70,American Literature: General,['LLC Late-19th- and Early-20th-Century American'],15:30:00,16:45:00,58,1/9
6631,Wharton and Disability,Panel,Allied Organizations,40,American Literature: Twentieth and Twenty-First Centuries,['Edith Wharton Society'],08:30:00,09:45:00,59,1/9
6635,"Jewish Objects, Jewish Materials",Panel,Forum Sessions,60,Jewish Literature: Jewish Literature,['CLCS Global Jewish'],10:15:00,11:30:00,59,1/9
6652,Nineteenth-Century Comparative Race and Indigeneity,Roundtable,Forum Sessions,25,American Literature: Before 1900,['LLC 19th-Century American'],12:00:00,13:15:00,3,1/9
6660,Gendering the Human,Roundtable,Allied Organizations,40,Comparative Literature: Medieval and Renaissance,['Society for the Study of Early Modern Women and Gender'],10:15:00,11:30:00,7,1/9
6665,"Bodies, Borders, and Boundaries: Embodiments of Multicultural and Transnational Children",Panel,Allied Organizations,25,"Genre, Theory, Method: Children’s Literature",['Children’s Literature Association'],17:15:00,18:30:00,58,1/9
6674,High-Impact Practices in the Teaching of Romance Linguistics,Roundtable,Forum Sessions,25,Linguistics: Foreign Languages,['LSL Romance Linguistics'],17:15:00,18:30:00,3,1/9
6677,Latin America and the Rise of the Right: Citizenship and Belonging,Panel,Forum Sessions,20,"Portuguese, Luso-Brazilian, and Lusophone Literatures: Portuguese, Luso-Brazilian, and Lusophone Literatures",['LLC 20th- and 21st-Century Latin American'],12:00:00,13:15:00,59,1/9
6687,Re-Viewing Italian Cinema: New Theoretical Approaches,Panel,Allied Organizations,35,Italian Literature: Italian Literature,['American Association of Teachers of Italian'],13:45:00,15:00:00,59,1/9
6690,What Is a Human? Literature and the Anthropology of Man,Panel,Forum Sessions,40,British Literature: Nineteenth Century,['TC Anthropology and Literature'],15:30:00,16:45:00,59,1/9
6696,"Being Human, Making Waste",Panel,Forum Sessions,25,Spanish Literature: Eighteenth and Nineteenth Centuries,['LLC 18th- and 19th-Century Spanish and Iberian'],17:15:00,18:30:00,59,1/9
6698,Marlowe's Source Material: New Directions,Panel,Allied Organizations,40,British Literature: Renaissance and Elizabethan,['Marlowe Society of America'],19:00:00,20:15:00,59,1/9
6699,Architextures of Knowledge,Panel,Allied Organizations,40,"Genre, Theory, Method: Electronic Technology (Teaching, Research, and Theory)",['Society for Textual Scholarship'],08:30:00,09:45:00,60,1/9
6701,Asia in the Anglophone,Panel,Forum Sessions,50,Comparative Literature: Twentieth and Twenty-First Centuries,['LLC 20th- and 21st-Century English and Anglophone'],10:15:00,11:30:00,60,1/9
6703,Comparison against Time,Panel,Forum Sessions,50,Comparative Literature: General,['CLCS 20th- and 21st-Century'],12:00:00,13:15:00,60,1/9
6706,Placeholder - CLCS Hemispheric American,Panel,Forum Sessions,25,African Literatures: African Literatures,['CLCS Hemispheric American'],13:45:00,15:00:00,60,1/9
6711,Alphabetic Memes: Tracking Imperial Language Conquest across Persia and the Stans,Panel,Forum Sessions,70,Comparative Literature: General,['CLCS 20th- and 21st-Century'],15:30:00,16:45:00,60,1/9
6712,Voice: Remediated Embodiments,Panel,Forum Sessions,40,"Genre, Theory, Method: Film, Television, and Other Media",['MS Opera and Musical Performance'],17:15:00,18:30:00,60,1/9
6717,Whither Sex?,Roundtable,Forum Sessions,200,Other Literatures: Other Literatures,['TC Sexuality Studies'],12:00:00,13:15:00,13,1/9
6721,Critical Caste Studies,Roundtable,Allied Organizations,40,Other Literature in English: Indian,['South Asian Literary Association'],13:45:00,15:00:00,7,1/9
6724,Theorizing #MeToo,Roundtable,Forum Sessions,100,Other Literatures: Other Literatures,['TC Sexuality Studies'],19:00:00,20:15:00,8,1/9
6735,"New Materialism, Old Material",Panel,Forum Sessions,40,Comparative Literature: General,['CLCS Classical and Modern'],19:00:00,20:15:00,60,1/9
6736,Elena Ferrante on My Mind,Panel,Forum Sessions,50,"Genre, Theory, Method: Literary Criticism and Theory",['TC Cognitive and Affect Studies'],08:30:00,09:45:00,61,1/9
6743,Lyric Keywords,Roundtable,Forum Sessions,30,British Literature: Renaissance and Elizabethan,['LLC 16th-Century English'],13:45:00,15:00:00,3,1/9
6744,The Sociology of French Culture: In Honor of Priscilla Parkhurst Ferguson,Roundtable,Forum Sessions,30,French Literature: Eighteenth and Nineteenth Centuries,['LLC 19th-Century French'],19:00:00,20:15:00,3,1/9
6749,"Poe, Islands, Archipelagoes",Panel,Allied Organizations,35,American Literature: Before 1900,['Poe Studies Association'],15:30:00,16:45:00,61,1/9
6750,New Work in Sixteenth-Century French Literary and Cultural Studies,Panel,Forum Sessions,35,French Literature: Medieval and Renaissance,['LLC 16th-Century French'],10:15:00,11:30:00,61,1/9
6751,Spenser and the Digital Humanities,Roundtable,Allied Organizations,30,British Literature: Renaissance and Elizabethan,['International Spenser Society'],15:30:00,16:45:00,7,1/9
6753,Nature/Culture: Perspectives from Sixteenth-Century French Literature,Panel,Forum Sessions,40,French Literature: Medieval and Renaissance,['LLC 16th-Century French'],12:00:00,13:15:00,61,1/9
6763,“Exophony” and Other Challenges to Thinking National Literatures,Panel,Forum Sessions,30,Asian Literatures: Asian Literatures,['LLC Korean'],13:45:00,15:00:00,61,1/9
6765,What Is Living and What Is Dead in Theory,Roundtable,Forum Sessions,100,"Genre, Theory, Method: Literary Criticism and Theory",['TM Literary and Cultural Theory'],15:30:00,16:45:00,13,1/9
6769,Forms of New and Old Authoritarianism in Spain,Panel,Forum Sessions,45,Spanish Literature: Twentieth and Twenty-First Centuries,['LLC 20th- and 21st-Century Spanish and Iberian'],17:15:00,18:30:00,61,1/9
6774,Bibliopedagogy,Panel,Forum Sessions,30,"Genre, Theory, Method: History of the Book, Reception Theory, Comparison with Other Media, and Performance","['TM Book History, Print Cultures, Lexicography']",19:00:00,20:15:00,61,1/9
6776,"Posthuman, Inhuman",Panel,Forum Sessions,50,Comparative Literature: Twentieth and Twenty-First Centuries,['TC Philosophy and Literature'],08:30:00,09:45:00,62,1/9
6782,Repurposing Chaucer,Roundtable,Forum Sessions,40,British Literature: Old and Middle English,['LLC Chaucer'],17:15:00,18:30:00,7,1/9
6783,Being Folk: How Folkloristics Humanizes Cultural Processes,Panel,Allied Organizations,20,Comparative Literature: General,['American Folklore Society'],10:15:00,11:30:00,62,1/9
6788,Bad Art,Roundtable,Forum Sessions,20,Comparative Literature: General,['LLC Slavic and East European'],13:45:00,15:00:00,4,1/9
6789,Central Asian Literature: Subjects and Worlds,Panel,Forum Sessions,15,Slavic and East European Literatures: Slavic and East European Literatures,['LLC Russian and Eurasian'],12:00:00,13:15:00,62,1/9
6790,Representing the Unprecedented,Panel,Forum Sessions,50,British Literature: Nineteenth Century,['LLC Victorian and Early-20th-Century English'],13:45:00,15:00:00,62,1/9
6794,Palestine and Human Rights,Panel,Forum Sessions,20,Arabic Literature: Arabic Literature,['LLC Arabic'],15:30:00,16:45:00,62,1/9
6795,The Multilingual Maghreb,Panel,Forum Sessions,20,Comparative Literature: General,['LLC Arabic'],17:15:00,18:30:00,62,1/9
6797,Literature and the Environment in Europe,Panel,Forum Sessions,15,Comparative Literature: Twentieth and Twenty-First Centuries,['CLCS European Regions'],19:00:00,20:15:00,62,1/9
6799,Comic Lives,Panel,Forum Sessions,30,"Genre, Theory, Method: Cultural Studies, Folklore, and Popular Culture",['GS Life Writing'],08:30:00,09:45:00,63,1/9
6800,Life Writing on Contested Ground,Panel,Forum Sessions,50,"Genre, Theory, Method: Nonfictional Prose",['GS Life Writing'],10:15:00,11:30:00,63,1/9
6802,John Clare: Conversations in Song,Panel,Allied Organizations,25,British Literature: Nineteenth Century,['John Clare Society of North America'],17:15:00,18:30:00,63,1/9
6805,Milton's Unruly Environments,Panel,Allied Organizations,50,British Literature: Seventeenth Century,['Milton Society of America'],12:00:00,13:15:00,63,1/9
6808,New Romanticisms,Panel,Allied Organizations,50,British Literature: Nineteenth Century,['Keats-Shelley Association of America'],19:00:00,20:15:00,63,1/9
6812,Theory’s Seventeenth Century,Panel,Forum Sessions,20,French Literature: Seventeenth Century,['LLC 17th-Century French'],13:45:00,15:00:00,63,1/9
6820,Sustaining and Building the English Major: Models for Success,Roundtable,MLA Committees,40,The Profession: English and American,['ADE Executive Committee'],19:00:00,20:15:00,7,1/9
6821,Preconvention Workshop on Career Directions for PhDs in English,Roundtable,MLA Committees,50,The Profession: English and American,['ADE Executive Committee'],08:30:00,09:45:00,11,1/9
6844,Poetry in Motion: Teaching Metrics through Performance,Roundtable,Forum Sessions,35,Teaching: Literature,['TM Language Theory'],12:00:00,13:15:00,11,1/9
6849,"Milton and Donne: Religion, Politics, Aesthetics",Panel,Allied Organizations,50,British Literature: Seventeenth Century,['Milton Society of America'],15:30:00,16:45:00,63,1/9
6850,PMLA: How Members Shape the Journal,Roundtable,MLA Committees,50,The Profession: Publishing and Editing,['PMLA Editorial Board'],10:15:00,11:30:00,11,1/9
6851,Teaching the Humanities through the Global Hispanophone,Roundtable,Forum Sessions,30,Teaching: Literature,['CLCS Global Hispanophone'],13:45:00,15:00:00,11,1/9
6857,Seventeenth-Century Race Thinking: Embodiment,Roundtable,Forum Sessions,50,British Literature: Seventeenth Century,['LLC 17th-Century English'],17:15:00,18:30:00,11,1/9
6859,Life Writing and the Life of Faith,Panel,Allied Organizations,35,"Genre, Theory, Method: Nonfictional Prose",['Conference on Christianity and Literature'],08:30:00,09:45:00,64,1/9
6861,Scholarly Editing Now,Roundtable,Forum Sessions,30,American Literature: General,['TM Bibliography and Scholarly Editing'],19:00:00,20:15:00,11,1/9
6864,Revising Resilience: Literary Listening and Indigenous Perspectives,Panel,Allied Organizations,30,"Genre, Theory, Method: Literary Criticism and Theory",['Association for the Study of Literature and the Environment'],10:15:00,11:30:00,64,1/9
6872,Performing Galdós on Stage and Screen,Panel,Allied Organizations,40,Spanish Literature: Eighteenth and Nineteenth Centuries,['International Association of Galdós Scholars'],12:00:00,13:15:00,64,1/9
6876,Reevaluating the Pre-Raphaelites,Panel,Allied Organizations,50,British Literature: Nineteenth Century,['William Morris Society'],08:30:00,09:45:00,65,1/9
6878,Ecosocialism and the Late Victorians,Panel,Allied Organizations,50,British Literature: Nineteenth Century,['William Morris Society'],10:15:00,11:30:00,65,1/9
6887,Print and Digital Interfaces in Early Modern French Literature,Panel,Forum Sessions,20,"Genre, Theory, Method: Electronic Technology (Teaching, Research, and Theory)",['LLC 17th-Century French'],15:30:00,16:45:00,64,1/9
6888,Court and Community: Arthurian Politics,Panel,Forum Sessions,30,Comparative Literature: Medieval and Renaissance,['CLCS Arthurian'],13:45:00,15:00:00,64,1/9
6889,At the Borders of the Human in Japanese Literature and Culture since 1900,Panel,Forum Sessions,40,Asian Literatures: Asian Literatures,['LLC Japanese since 1900'],08:30:00,09:45:00,66,1/9
6892,Word Counting: Numbers and Early Modern Literature,Panel,Forum Sessions,25,Spanish Literature: Before 1700,['LLC 16th- and 17th-Century Spanish and Iberian Poetry and Prose'],17:15:00,18:30:00,64,1/9
6893,Untranslatability,Roundtable,Forum Sessions,50,Comparative Literature: Medieval and Renaissance,['LLC Middle English'],15:30:00,16:45:00,11,1/9
6894,Stonewall at Fifty,Roundtable,Forum Sessions,200,Other Literatures: Other Literatures,['TC Sexuality Studies'],13:45:00,15:00:00,13,1/9
6900,Teaching Hemingway and Gender,Panel,Allied Organizations,20,Teaching: Literature,['Ernest Hemingway Foundation and Society'],19:00:00,20:15:00,64,1/9
6910,"The Early Modern Epic: Imperial, Providential, or Otherwise?",Panel,Forum Sessions,30,Comparative Literature: Medieval and Renaissance,['CLCS Renaissance and Early Modern'],12:00:00,13:15:00,65,1/9
6915,Literatures of the Poor: The Picaresque and Beyond,Panel,Forum Sessions,25,Spanish Literature: Before 1700,['LLC 16th- and 17th-Century Spanish and Iberian Poetry and Prose'],13:45:00,15:00:00,65,1/9
6916,MLA Style Workshop: Documenting Sources with the MLA Handbook,Workshop,MLA Committees,30,Teaching: General,['MLA Career Center'],08:30:00,09:45:00,15,1/9
6917,How to Be Your Own Best Editor,Workshop,MLA Committees,60,The Profession: Publishing and Editing,['MLA Career Center'],12:00:00,13:15:00,15,1/9
6924,Performing Slavery’s Preinventions,Panel,Forum Sessions,30,"Genre, Theory, Method: Drama",['GS Drama and Performance'],15:30:00,16:45:00,65,1/9
6926,Performing Slavery’s Reinventions,Panel,Forum Sessions,30,"Genre, Theory, Method: Drama",['GS Drama and Performance'],17:15:00,18:30:00,65,1/9
6927,Transnational Currents in Canadian Literature,Roundtable,Forum Sessions,20,Other Literature in English: Canadian,['LLC Canadian'],08:30:00,09:45:00,4,1/9
6932,Theorizing the Teaching of Writing in the Literature Classroom,Roundtable,MLA Committees,50,Teaching: Writing,['MLA Office of Programs'],19:00:00,20:15:00,13,1/9
6936,Environmental Humanities and the “Greening” of Spanish and Portuguese,Panel,Allied Organizations,30,Other Literatures: Other Literatures,['American Association of Teachers of Spanish and Portuguese'],15:30:00,16:45:00,66,1/9
6959,The Body in Pain at Thirty-Five,Panel,Forum Sessions,40,"Genre, Theory, Method: Literature and Other Arts, Humanities, Law, Psychology, Science, and Sociology",['TC Cognitive and Affect Studies'],17:15:00,18:30:00,66,1/9
6968,The Role of Social Justice Pedagogy in Second-Language Studies,Panel,Forum Sessions,30,Teaching: Language,['LSL Second-Language Teaching and Learning'],19:00:00,20:15:00,65,1/9
6983,"Humanizing Latinx Voices: Rhetorics, Literacies, Storytelling",Panel,Allied Organizations,15,Latin American Literature: Latin American Literature,['National Council of Teachers of English'],10:15:00,11:30:00,66,1/9
6989,South Asian Globalectics,Panel,Forum Sessions,30,Other Literature in English: Indian,['LLC South Asian and South Asian Diasporic'],12:00:00,13:15:00,66,1/9
6993,John Donne in the Twenty-First Century,Panel,Allied Organizations,35,British Literature: Seventeenth Century,['John Donne Society'],13:45:00,15:00:00,66,1/9
6994,Contemporary Arabic Literature and Empire,Panel,Forum Sessions,20,Arabic Literature: Arabic Literature,['LLC Arabic'],19:00:00,20:15:00,66,1/9
6998,"Inclusivity, Accessibility, Community: Teaching Business Communication Online",Panel,Allied Organizations,25,Teaching: Writing,['Association for Business Communication'],10:15:00,11:30:00,67,1/9
7002,Political Uses of Medieval Iberia,Panel,Forum Sessions,30,Spanish Literature: Before 1700,['LLC Medieval Iberian'],08:30:00,09:45:00,67,1/9
7010,Literary and Cultural Representations of Stigma,Panel,Allied Organizations,24,"Portuguese, Luso-Brazilian, and Lusophone Literatures: Portuguese, Luso-Brazilian, and Lusophone Literatures",['American Portuguese Studies Association'],13:45:00,15:00:00,67,1/9
7018,Deoccidentalizing Postcolonial Studies,Panel,Forum Sessions,20,Slavic and East European Literatures: Slavic and East European Literatures,['LLC Russian and Eurasian'],15:30:00,16:45:00,67,1/9
7019,Science and Fiction in Developing Worlds,Panel,Forum Sessions,40,Comparative Literature: Twentieth and Twenty-First Centuries,['CLCS Global Anglophone'],12:00:00,13:15:00,67,1/9
7025,"Puerto Rico, the Caribbean, and the Pacific",Panel,Forum Sessions,4,Latin American Literature: Latin American Literature,['LLC Puerto Rican'],17:15:00,18:30:00,67,1/9
7035,Lectura Boccaccii,Panel,Allied Organizations,20,Italian Literature: Italian Literature,['American Boccaccio Association'],19:00:00,20:15:00,67,1/9
7036,Recovery from the Margins: An Electronic Roundtable,Roundtable,MLA Committees,30,"Genre, Theory, Method: Electronic Technology (Teaching, Research, and Theory)",['MLA Committee on Scholarly Editions'],17:15:00,18:30:00,13,1/9
7158,"Taking Stock: Romanian Culture, 1989–2019",Roundtable,Forum Sessions,5,Romanian Literature: Romanian Literature,['LLC Romanian'],10:15:00,11:30:00,4,1/9
7211,How to Get Published,Workshop,MLA Committees,125,The Profession: Publishing and Editing,['MLA Career Center'],13:45:00,15:00:00,17,1/9
7229,Comparative Orientalisms,Roundtable,Forum Sessions,5,Comparative Literature: Medieval and Renaissance,['CLCS Medieval'],17:15:00,18:30:00,4,1/9
7271,New Perspectives on Archives and Philology,Roundtable,Forum Sessions,20,Comparative Literature: Medieval and Renaissance,['CLCS Medieval'],19:00:00,20:15:00,4,1/9
7312,Transnational Boundary Crossings in Early Modern German Literature,Roundtable,Allied Organizations,15,German Literature: Before 1700,['Society for German Renaissance and Baroque Literature'],12:00:00,13:15:00,4,1/9
7321,Southeast Asian and Australian Literary and Cultural Connections,Roundtable,Forum Sessions,20,Other Literatures: Other Literatures,['CLCS Southeast Asian and Southeast Asian Diasporic'],08:30:00,09:45:00,5,1/9
7390,Childhood and Violence in Latin America,Roundtable,Forum Sessions,20,Latin American Literature: Latin American Literature,['LLC 20th- and 21st-Century Latin American'],15:30:00,16:45:00,4,1/9
7419,"Reimagining the Dutch Golden Age, 1560–1720",Roundtable,Forum Sessions,15,Netherlandic Literature: Netherlandic Literature,['LLC Dutch'],10:15:00,11:30:00,5,1/9
7536,Radical and Moderate Sturm und Drang,Roundtable,Allied Organizations,8,German Literature: Eighteenth and Early Nineteenth Centuries,['G. E. Lessing Society'],12:00:00,13:15:00,5,1/9
7567,Solidarity in Troubled Times,Roundtable,Allied Organizations,25,Teaching: General,['Radical Caucus in English and the Modern Languages'],13:45:00,15:00:00,5,1/9
7735,Poetry for Scientists and Welders: Teaching the Liberal Arts at Two-Year Colleges,Roundtable,MLA Committees,15,Teaching: General,['MLA Committee on Community Colleges'],15:30:00,16:45:00,5,1/9
7759,(Un)Documented: Constructing Immigrant Souths,Roundtable,Allied Organizations,20,American Literature: General,['Society for the Study of Southern Literature'],17:15:00,18:30:00,5,1/9
7860,Eugene O’Neill’s Path to the Nobel Prize (1936),Roundtable,Allied Organizations,10,"Genre, Theory, Method: Drama","[""Eugene O'Neill Society""]",19:00:00,20:15:00,5,1/9
8181,Become an Accredited External Reviewer for ADE,Workshop,MLA Committees,20,The Profession: English and American,['MLA Career Center'],10:15:00,11:30:00,15,1/9
8182,Become an Accredited External Reviewer for ADFL,Workshop,MLA Committees,20,The Profession: Foreign Languages,['MLA Career Center'],19:00:00,20:15:00,15,1/9
8633,Demonstration Interviews for Job Seekers in Languages,Workshop,MLA Committees,50,The Profession: Foreign Languages,['Association of Departments of Foreign Languages'],08:30:00,09:45:00,17,1/9
6294,The State of the Revolution (of the Ordinary): Early Career Scholars Respond to Moi,Panel,Special Sessions,50,"Genre, Theory, Method: Literary Criticism and Theory",[''],08:30:00,09:45:00,1,1/10
6306,Committee on K-16 Alliances meeting,Reception,Social Events,10,,[''],10:15:00,11:30:00,53,1/10
6351,"New Developments in Sylvia Plath Studies: Archives, Biography, and Feminism",Panel,Special Sessions,100,American Literature: Twentieth and Twenty-First Centuries,[''],12:00:00,13:15:00,1,1/10
6354,Human and Nonhuman Agency in Twentieth-Century Fiction and Twenty-First-Century Technologies,Panel,Special Sessions,35,Comparative Literature: Twentieth and Twenty-First Centuries,[''],13:45:00,15:00:00,1,1/10
6355,Bad Books,Panel,Special Sessions,25,"Genre, Theory, Method: History of the Book, Reception Theory, Comparison with Other Media, and Performance",[''],15:30:00,16:45:00,1,1/10
6358,Remembering Hayden White (12 July 1928–5 March 2018),Reception,Social Events,35,,[''],17:15:00,18:30:00,53,1/10
6359,"From “The Burden of History” to The Practical Past: A Celebration of Hayden White’s Contributions to History, Theory, and Literature",Roundtable,Special Sessions,20,"Genre, Theory, Method: Literary Criticism and Theory",[''],19:00:00,20:15:00,2,1/10
6700,Digital Scholarship in Tenure and Promotion,Roundtable,MLA Committees,60,The Profession: General,['MLA Committee on Information Technology'],08:30:00,09:45:00,2,1/10
6814,Career Opportunities in Two-Year Colleges,Roundtable,MLA Committees,30,The Profession: General,['ADE Executive Committee'],10:15:00,11:30:00,2,1/10
6832,Our Changing Workplace: Contradictions and Strategies of Faculty Governance,Roundtable,MLA Committees,30,The Profession: General,['MLA Committee on Academic Freedom and Professional Rights and Responsibilities'],12:00:00,13:15:00,2,1/10
6838,Political Commitments / Professional Responsibilities,Roundtable,MLA Committees,100,The Profession: General,['MLA Committee on Academic Freedom and Professional Rights and Responsibilities'],13:45:00,15:00:00,8,1/10
6877,Human or Student? Faculty Members Respond to the Real Cocurriculum,Panel,Forum Sessions,50,The Profession: General,['HEP Community Colleges'],17:15:00,18:30:00,1,1/10
6883,Digital Humanities in Japan and Korea: Approaches and Challenges,Roundtable,Forum Sessions,30,Asian Literatures: Asian Literatures,['LLC Korean'],13:45:00,15:00:00,2,1/10
6895,Has Postcritique Run Out of Steam?,Roundtable,Allied Organizations,75,"Genre, Theory, Method: Literary Criticism and Theory",['Society for Critical Exchange'],10:15:00,11:30:00,8,1/10
6904,"Community, Access, and Mentorship in DBLAC: Building (In)Formal Support Networks",Roundtable,Forum Sessions,30,The Profession: General,['RCWS History and Theory of Rhetoric'],15:30:00,16:45:00,2,1/10
6909,Other Latinx: Expressions of Alterity in Literature and Culture,Panel,Forum Sessions,40,American Literature: Twentieth and Twenty-First Centuries,['LLC Latina and Latino'],10:15:00,11:30:00,1,1/10
6933,"Scholars for Ethical Review: Reading, Teaching, Writing",Roundtable,MLA Committees,60,The Profession: General,['MLA Office of Scholarly Communication'],19:00:00,20:15:00,8,1/10
6979,Barbarous Tongues: Middle English and Beyond,Roundtable,Forum Sessions,40,British Literature: Old and Middle English,['LLC Middle English'],17:15:00,18:30:00,2,1/10
6990,Settler Colonialism in Southeast Asia,Panel,Forum Sessions,25,Asian Literatures: Asian Literatures,['CLCS Southeast Asian and Southeast Asian Diasporic'],19:00:00,20:15:00,1,1/10
7006,Pacific Pound,Panel,Allied Organizations,50,American Literature: Twentieth and Twenty-First Centuries,['Ezra Pound Society'],08:30:00,09:45:00,10,1/10
7009,A Decade in Comics,Roundtable,Forum Sessions,40,"Genre, Theory, Method: Film, Television, and Other Media",['GS Comics and Graphic Narratives'],08:30:00,09:45:00,7,1/10
7022,Joy and Anguish: Laughter and Subversion in African American Satire,Panel,Allied Organizations,35,American Literature: Twentieth and Twenty-First Centuries,['American Humor Studies Association'],13:45:00,15:00:00,9,1/10
7023,Diaspora in Crisis,Panel,Forum Sessions,50,Other Literatures: Other Literatures,['TC Race and Ethnicity Studies'],10:15:00,11:30:00,10,1/10
7030,Transpacific Poetics,Panel,Forum Sessions,35,Comparative Literature: Twentieth and Twenty-First Centuries,['GS Poetry and Poetics'],08:30:00,09:45:00,9,1/10
7032,Sovereignty and/in Indigenous Film,Panel,Forum Sessions,35,Other Literatures: Other Literatures,['LLC Indigenous Literatures of the United States and Canada'],12:00:00,13:15:00,9,1/10
7039,Northern Lands of Gender Equality?,Panel,Forum Sessions,25,Scandinavian Literatures: Scandinavian Literatures,['CLCS Nordic'],10:15:00,11:30:00,9,1/10
7042,Decolonizing the English Major,Roundtable,MLA Committees,50,The Profession: English and American,['Association of Departments of English'],08:30:00,09:45:00,8,1/10
7043,Alternative Genealogies of the Speculative,Panel,Forum Sessions,45,"Genre, Theory, Method: Literary Relations",['GS Speculative Fiction'],12:00:00,13:15:00,10,1/10
7047,"Botanophilia, Botanophobia",Panel,Forum Sessions,100,"Genre, Theory, Method: Literature and Other Arts, Humanities, Law, Psychology, Science, and Sociology",['TC Science and Literature'],08:30:00,09:45:00,56,1/10
7048,It’s All Relative: Modernism and Science,Panel,Allied Organizations,15,Comparative Literature: Twentieth and Twenty-First Centuries,['Pirandello Society of America'],15:30:00,16:45:00,9,1/10
7049,Dispatches from the Bewilderment: Richard Powers’s The Overstory and the Intrusion of Gaia,Panel,Forum Sessions,100,"Genre, Theory, Method: Literature and Other Arts, Humanities, Law, Psychology, Science, and Sociology",['TC Science and Literature'],10:15:00,11:30:00,56,1/10
7052,New Life for Old Texts:  Release from Copyright and the Modernist Canon,Panel,MLA Committees,75,American Literature: Twentieth and Twenty-First Centuries,['MLA Committee on Scholarly Editions'],15:30:00,16:45:00,54,1/10
7062,Conrad and the Senses,Panel,Allied Organizations,30,British Literature: Twentieth and Twenty-First Centuries,['Joseph Conrad Society of America'],17:15:00,18:30:00,9,1/10
7070,After Adolescence: Emerging Adulthood in American Literature,Panel,Forum Sessions,30,American Literature: Twentieth and Twenty-First Centuries,['TC Age Studies'],19:00:00,20:15:00,9,1/10
7075,The Human Body and Gendered Technology in the French and Francophone Traditions,Panel,Allied Organizations,30,French Literature: Twentieth and Twenty-First Centuries,['Women in French'],13:45:00,15:00:00,10,1/10
7091,Immediately Hooked: Exploring #OwnVoices,Roundtable,Allied Organizations,35,Teaching: General,['College English Association'],08:30:00,09:45:00,3,1/10
7097,Militourism: Travel Literature and Empire,Panel,Forum Sessions,25,Other Literatures: Other Literatures,['GS Travel Writing'],15:30:00,16:45:00,10,1/10
7103,Romanticism and Idealism,Panel,Allied Organizations,30,Comparative Literature: Eighteenth and Nineteenth Centuries,['North American Society for the Study of Romanticism'],17:15:00,18:30:00,10,1/10
7104,Editing the I/First-Person Narrative,Panel,Allied Organizations,30,The Profession: Publishing and Editing,['Association for Documentary Editing'],19:00:00,20:15:00,10,1/10
7107,Form and Genre in Contemporary Writing,Panel,Forum Sessions,60,"Genre, Theory, Method: Literary Criticism and Theory",['RCWS Creative Writing'],12:00:00,13:15:00,54,1/10
7110,Intersectionality in Fantastic and Magical Realist Multiethnic Literature,Panel,Allied Organizations,30,American Literature: Twentieth and Twenty-First Centuries,['MELUS: The Society for the Study of the Multi-Ethnic Literature of the United States'],17:15:00,18:30:00,54,1/10
7113,"(In)Comparables, Humanism, and the Humanities",Panel,Allied Organizations,75,Comparative Literature: General,['American Comparative Literature Association'],08:30:00,09:45:00,54,1/10
7118,Open Access and Scholarly Communication: Voices from the Global South,Roundtable,Forum Sessions,50,The Profession: Publishing and Editing,['TM Libraries and Research'],12:00:00,13:15:00,8,1/10
7119,The Seal of Biliteracy and Implications for Language Programs in Higher Education,Panel,Allied Organizations,50,Linguistics: Foreign Languages,['American Council on the Teaching of Foreign Languages'],10:15:00,11:30:00,54,1/10
7123,Beyond the Individual,Panel,Forum Sessions,30,"Genre, Theory, Method: Prose Fiction",['GS Prose Fiction'],13:45:00,15:00:00,54,1/10
7127,What Does “Being Human” Mean in Cervantes’s Works?,Panel,Allied Organizations,40,Spanish Literature: Before 1700,['Cervantes Society of America'],19:00:00,20:15:00,54,1/10
7129,Decolonizing Pedagogies in Early American Studies,Panel,Forum Sessions,25,Teaching: Literature,['LLC Early American'],08:30:00,09:45:00,55,1/10
7130,Mexican Cinema across Borders and Disciplines,Roundtable,Forum Sessions,40,Latin American Literature: Latin American Literature,['LLC Mexican'],10:15:00,11:30:00,7,1/10
7131,Holocaust Surrealisms,Panel,Forum Sessions,20,Comparative Literature: Twentieth and Twenty-First Centuries,['CLCS Global Jewish'],10:15:00,11:30:00,55,1/10
7133,Continentalization and (De)Regionalization of Europe,Panel,Forum Sessions,20,German Literature: Twentieth and Twenty-First Centuries,['CLCS European Regions'],12:00:00,13:15:00,55,1/10
7139,"Racism, Jews, America",Panel,Forum Sessions,25,Jewish Literature: Jewish Literature,['LLC Jewish American'],13:45:00,15:00:00,55,1/10
7152,Italian Ecocriticism,Roundtable,Forum Sessions,30,Italian Literature: Italian Literature,['LLC 20th- and 21st-Century Italian'],10:15:00,11:30:00,3,1/10
7155,Afrofuturism: Diasporic Visions,Panel,Allied Organizations,40,Other Literature in English: General,['College Language Association'],15:30:00,16:45:00,55,1/10
7156,“Beyond the Pale”: The Cost of Border Crossing in Ireland’s Architecture of Containment,Panel,Allied Organizations,20,Other Literature in English: Irish,['American Conference for Irish Studies'],17:15:00,18:30:00,55,1/10
7164,Irish Studies in Practice,Roundtable,Forum Sessions,30,Other Literature in English: Irish,['LLC Irish'],12:00:00,13:15:00,3,1/10
7167,Empathy as Being Human in American Drama,Panel,Allied Organizations,20,American Literature: General,['American Theatre and Drama Society'],19:00:00,20:15:00,55,1/10
7185,Early Modern Racialization: A Comparative View,Panel,Forum Sessions,60,Comparative Literature: Medieval and Renaissance,['CLCS Renaissance and Early Modern'],12:00:00,13:15:00,56,1/10
7190,Music Lives,Panel,Forum Sessions,30,"Genre, Theory, Method: Cultural Studies, Folklore, and Popular Culture",['GS Life Writing'],13:45:00,15:00:00,56,1/10
7193,Being Human in the Eighteenth Century,Panel,Allied Organizations,40,Comparative Literature: Eighteenth and Nineteenth Centuries,['American Society for Eighteenth-Century Studies'],15:30:00,16:45:00,56,1/10
7196,Corpus Data and Second-Language Education,Panel,Forum Sessions,30,Teaching: Language,['LSL Applied Linguistics'],17:15:00,18:30:00,56,1/10
7199,Interdisciplinarity in/and the Environmental Humanities,Roundtable,Forum Sessions,50,"Genre, Theory, Method: Literary Criticism and Theory",['TC Ecocriticism and Environmental Humanities'],15:30:00,16:45:00,8,1/10
7202,Digital Approaches to Second-Language Writing,Panel,Forum Sessions,30,Teaching: Writing,['LSL Applied Linguistics'],19:00:00,20:15:00,56,1/10
7206,"Disciplines, Emergences: Demarcating Words, Demarcating Worlds",Panel,Forum Sessions,25,Comparative Literature: Eighteenth and Nineteenth Centuries,['CLCS Romantic and 19th-Century'],08:30:00,09:45:00,57,1/10
7209,"Disciplines, Emergences: Histories, Institution(s)",Panel,Forum Sessions,25,Comparative Literature: Eighteenth and Nineteenth Centuries,['CLCS Romantic and 19th-Century'],10:15:00,11:30:00,57,1/10
7213,Quest for Identity in Modern German Literature: From the Center to the Margin and Back,Panel,Allied Organizations,30,German Literature: Twentieth and Twenty-First Centuries,['American Association of Teachers of German'],13:45:00,15:00:00,57,1/10
7218,"Environmental Humanities, 1660 to 1800",Panel,Forum Sessions,30,British Literature: Restoration and Early Eighteenth Century,['LLC Restoration and Early-18th-Century English'],12:00:00,13:15:00,57,1/10
7220,Humanizing the (Post)Communist Paradigm: An Approach to the Rhetoric of Communism and Postcommunism in Its Own Theoretical Language,Panel,Allied Organizations,15,Romanian Literature: Romanian Literature,['Romanian Studies Association of America'],15:30:00,16:45:00,57,1/10
7223,"Decolonizing Sound Studies: Reverberations, Praxis, and Power",Panel,Forum Sessions,40,"Genre, Theory, Method: Cultural Studies, Folklore, and Popular Culture",['MS Sound'],17:15:00,18:30:00,57,1/10
7226,Seventeenth-Century Race Thinking: The Colors of Time,Roundtable,Forum Sessions,30,British Literature: Seventeenth Century,['LLC 17th-Century English'],13:45:00,15:00:00,3,1/10
7234,"Postcolonial Studies, the Environmental Humanities, and the Limits of the Human",Roundtable,Forum Sessions,30,Comparative Literature: Twentieth and Twenty-First Centuries,['LLC African since 1990'],17:15:00,18:30:00,3,1/10
7235,Inventing and Inheriting Scholarly Journals: Perspectives on Beginnings,Roundtable,Allied Organizations,100,The Profession: Publishing and Editing,['Council of Editors of Learned Journals'],17:15:00,18:30:00,8,1/10
7236,Disability and Migration,Panel,Forum Sessions,25,Comparative Literature: Twentieth and Twenty-First Centuries,['TC Disability Studies'],19:00:00,20:15:00,57,1/10
7238,Recent Methodologies of Gender Research,Panel,Forum Sessions,25,British Literature: Restoration and Early Eighteenth Century,['LLC Restoration and Early-18th-Century English'],08:30:00,09:45:00,58,1/10
7243,Pop and the Question of Pleasure,Roundtable,Forum Sessions,30,"Genre, Theory, Method: Cultural Studies, Folklore, and Popular Culture",['TC Popular Culture'],15:30:00,16:45:00,3,1/10
7244,Teaching Literatures of the Global South,Panel,Forum Sessions,50,Teaching: Literature,['TM The Teaching of Literature'],10:15:00,11:30:00,58,1/10
7252,La Llorona / The Wailing or Weeping Woman in Literature and Art,Panel,Forum Sessions,40,Latin American Literature: Latin American Literature,"['GS Folklore, Myth, and Fairy Tale']",12:00:00,13:15:00,58,1/10
7256,Fifty Years of the Council of Editors of Learned Journals—and Forward,Panel,Allied Organizations,100,The Profession: Publishing and Editing,['Council of Editors of Learned Journals'],13:45:00,15:00:00,58,1/10
7257,British Romanticism and China,Panel,Allied Organizations,80,British Literature: Nineteenth Century,['Wordsworth-Coleridge Association'],15:30:00,16:45:00,58,1/10
7268,Intersections of Buddhism and Literature in Premodern Japan,Panel,Forum Sessions,30,Asian Literatures: Asian Literatures,['LLC Japanese to 1900'],17:15:00,18:30:00,58,1/10
7269,Taking Inventory around 1800,Panel,Forum Sessions,25,German Literature: Eighteenth and Early Nineteenth Centuries,['LLC 18th- and Early-19th-Century German'],19:00:00,20:15:00,58,1/10
7270,Taking Inventory in the Nineteenth Century,Panel,Forum Sessions,25,German Literature: Eighteenth and Early Nineteenth Centuries,['LLC 18th- and Early-19th-Century German'],08:30:00,09:45:00,59,1/10
7277,T. S. Eliot: Identity and Politics,Panel,Allied Organizations,30,British Literature: Twentieth and Twenty-First Centuries,['International T. S. Eliot Society'],10:15:00,11:30:00,59,1/10
7279,Stateless Memory,Panel,Forum Sessions,6,Comparative Literature: Twentieth and Twenty-First Centuries,['TC Memory Studies'],12:00:00,13:15:00,59,1/10
7280,Imagining the Archive: Black Art and Black Collecting Practices,Panel,Forum Sessions,200,American Literature: General,['TM Literary Criticism'],08:30:00,09:45:00,66,1/10
7282,"Fin de Sex at the Fin de Siècle? The Recursions of Race, Gender, and Sexuality",Roundtable,Forum Sessions,40,British Literature: Nineteenth Century,['LLC Victorian and Early-20th-Century English'],12:00:00,13:15:00,7,1/10
7286,Brecht as Data Set,Panel,Allied Organizations,30,German Literature: Twentieth and Twenty-First Centuries,['International Brecht Society'],15:30:00,16:45:00,59,1/10
7287,Transmedia Engagement and the Performance of Place in Southeast Asia,Panel,Forum Sessions,25,Asian Literatures: Asian Literatures,['CLCS Southeast Asian and Southeast Asian Diasporic'],08:30:00,09:45:00,60,1/10
7288,Humanizing the Young Trans Body,Panel,Forum Sessions,50,"Genre, Theory, Method: Children’s Literature",['GS Children’s and Young Adult Literature'],13:45:00,15:00:00,59,1/10
7291,Vision and Sight in Children’s Literature and Culture,Panel,Forum Sessions,30,"Genre, Theory, Method: Children’s Literature",['GS Children’s and Young Adult Literature'],17:15:00,18:30:00,59,1/10
7293,LGBTQ Health Humanities,Panel,Forum Sessions,40,"Genre, Theory, Method: Literature and Other Arts, Humanities, Law, Psychology, Science, and Sociology",['TC Medical Humanities and Health Studies'],19:00:00,20:15:00,59,1/10
7295,Composing the Future of English Studies,Roundtable,Forum Sessions,75,Teaching: Writing,['RCWS History and Theory of Composition'],08:30:00,09:45:00,13,1/10
7298,"Comedia, Disability, Disease",Panel,Forum Sessions,16,Spanish Literature: Before 1700,['LLC 16th- and 17th-Century Spanish and Iberian Drama'],10:15:00,11:30:00,60,1/10
7303,Why Theater Matters? Then and Now,Panel,Forum Sessions,25,Spanish Literature: Before 1700,['LLC 16th- and 17th-Century Spanish and Iberian Drama'],12:00:00,13:15:00,60,1/10
7309,"Romantics as Critics, Critics as Romantics",Panel,Forum Sessions,60,British Literature: Nineteenth Century,['LLC English Romantic'],13:45:00,15:00:00,60,1/10
7316,The Queering of Cuban Cultural Spaces,Panel,Forum Sessions,25,Latin American Literature: Latin American Literature,['LLC Cuban and Cuban Diasporic'],15:30:00,16:45:00,60,1/10
7317,Gide and Homosexuality,Panel,Allied Organizations,20,French Literature: Twentieth and Twenty-First Centuries,['Association des Amis d’André Gide'],17:15:00,18:30:00,60,1/10
7319,Romanticism and Posthumanism,Panel,Allied Organizations,50,British Literature: Nineteenth Century,['North American Society for the Study of Romanticism'],19:00:00,20:15:00,60,1/10
7329,"Beyond the Border: Land, Ocean, Air",Panel,Forum Sessions,20,Comparative Literature: Eighteenth and Nineteenth Centuries,['CLCS 18th-Century'],12:00:00,13:15:00,61,1/10
7335,Changes in the Landscape: Humans and Nature in Nineteenth-Century Latin America,Panel,Forum Sessions,20,Latin American Literature: Latin American Literature,['LLC 19th-Century Latin American'],08:30:00,09:45:00,61,1/10
7337,Bad Literature,Panel,Forum Sessions,50,French Literature: Medieval and Renaissance,['LLC Medieval French'],10:15:00,11:30:00,61,1/10
7342,Decolonizing Global Anglophone Literature,Panel,Forum Sessions,40,Other Literature in English: General,['CLCS Global Anglophone'],13:45:00,15:00:00,61,1/10
7344,“All Is True”: Truth from Balzac to Sand,Panel,Forum Sessions,30,French Literature: Eighteenth and Nineteenth Centuries,['LLC 19th-Century French'],15:30:00,16:45:00,61,1/10
7346,Marxism and the New Materialisms,Roundtable,Forum Sessions,30,"Genre, Theory, Method: Literary Criticism and Theory","['TC Marxism, Literature, and Society']",13:45:00,15:00:00,7,1/10
7348,African Literature and the Cold War,Panel,Forum Sessions,50,African Literatures: African Literatures,['LLC African to 1990'],17:15:00,18:30:00,61,1/10
7350,Migration and the Diaspora,Panel,Forum Sessions,30,Celtic Literatures: Celtic Literatures,['CLCS Celtic'],19:00:00,20:15:00,61,1/10
7365,"Gender, Sexuality, and Power in Italian Literature and Media",Panel,Forum Sessions,40,Italian Literature: Italian Literature,['LLC 20th- and 21st-Century Italian'],08:30:00,09:45:00,62,1/10
7366,Margaret Fuller’s Ecologies,Panel,Allied Organizations,40,American Literature: Before 1900,['Margaret Fuller Society'],10:15:00,11:30:00,62,1/10
7367,Diverse Destinies: Envisioning Futures for Youth of Color,Panel,Allied Organizations,25,"Genre, Theory, Method: Children’s Literature",['Children’s Literature Association'],12:00:00,13:15:00,62,1/10
7369,Nomic Divisions in Nineteenth-Century Latin America,Panel,Forum Sessions,25,Latin American Literature: Latin American Literature,['LLC 19th-Century Latin American'],13:45:00,15:00:00,62,1/10
7374,Seventeenth-Century Race Thinking: Rights and Law,Panel,Forum Sessions,40,British Literature: Seventeenth Century,['LLC 17th-Century English'],15:30:00,16:45:00,62,1/10
7375,Cultural Productions of Resistance in the Portuguese-Speaking World,Panel,Forum Sessions,15,"Portuguese, Luso-Brazilian, and Lusophone Literatures: Portuguese, Luso-Brazilian, and Lusophone Literatures",['LLC Global Portuguese'],17:15:00,18:30:00,62,1/10
7376,Is There a Future for Mediterranean Studies?,Roundtable,Forum Sessions,30,"Genre, Theory, Method: Literary Criticism and Theory",['CLCS Mediterranean'],17:15:00,18:30:00,7,1/10
7377,Transmedia Storytelling in Children’s and Young Adult Literature,Panel,Forum Sessions,20,"Genre, Theory, Method: Children’s Literature",['GS Children’s and Young Adult Literature'],19:00:00,20:15:00,62,1/10
7378,Simone de Beauvoir: Questions of Style,Panel,Allied Organizations,25,French Literature: Twentieth and Twenty-First Centuries,['Simone de Beauvoir Society'],08:30:00,09:45:00,63,1/10
7380,Distances/Éloignements,Panel,Forum Sessions,25,French Literature: Eighteenth and Nineteenth Centuries,['LLC 18th-Century French'],10:15:00,11:30:00,63,1/10
7397,Modernist Indigeneity in the World,Panel,Allied Organizations,75,Other Literatures: Other Literatures,['Modernist Studies Association'],13:45:00,15:00:00,63,1/10
7399,Indigenous-Latinx Crossings at the Limits of United States Empire,Panel,Forum Sessions,30,Other Literatures: Other Literatures,['LLC Indigenous Literatures of the United States and Canada'],17:15:00,18:30:00,63,1/10
7400,Samuel Beckett and Being Human,Panel,Allied Organizations,45,Other Literatures: Other Literatures,['Samuel Beckett Society'],19:00:00,20:15:00,63,1/10
7403,Forms of Experience in Old English Literature,Panel,Forum Sessions,25,British Literature: Old and Middle English,['LLC Old English'],12:00:00,13:15:00,63,1/10
7408,Contemporary Old English,Panel,Forum Sessions,25,British Literature: Old and Middle English,['LLC Old English'],15:30:00,16:45:00,63,1/10
7409,Accumulation and Devastation,Roundtable,Forum Sessions,20,Latin American Literature: Latin American Literature,['LLC 20th- and 21st-Century Latin American'],19:00:00,20:15:00,3,1/10
7410,"Orientalism, Philology, World Literature",Panel,Forum Sessions,40,Comparative Literature: General,['CLCS Global Arab and Arab American'],10:15:00,11:30:00,64,1/10
7428,Webcomics and/as Digital Culture,Panel,Forum Sessions,40,"Genre, Theory, Method: Electronic Technology (Teaching, Research, and Theory)",['GS Comics and Graphic Narratives'],12:00:00,13:15:00,64,1/10
7429,Habitat: French Ecocritical Perspectives,Panel,Forum Sessions,35,French Literature: Twentieth and Twenty-First Centuries,['LLC 20th- and 21st-Century French'],15:30:00,16:45:00,64,1/10
7434,Global Drama in the Middle Ages and Renaissance,Panel,Allied Organizations,30,"Genre, Theory, Method: Drama",['Medieval and Renaissance Drama Society'],08:30:00,09:45:00,64,1/10
7435,Perspectives on Gender in Dante’s Works,Panel,Allied Organizations,25,Italian Literature: Italian Literature,['Dante Society of America'],13:45:00,15:00:00,64,1/10
7437,"Law, Literature, and Human Rights",Panel,Forum Sessions,60,"Genre, Theory, Method: Literature and Other Arts, Humanities, Law, Psychology, Science, and Sociology",['TC Law and the Humanities'],17:15:00,18:30:00,64,1/10
7442,Eighteenth-Century Studies and the Future of the Profession,Roundtable,Forum Sessions,60,British Literature: Late Eighteenth Century,['LLC Late-18th-Century English'],08:30:00,09:45:00,11,1/10
7446,Dante: Human and Nonhuman,Panel,Allied Organizations,20,Italian Literature: Italian Literature,['Dante Society of America'],19:00:00,20:15:00,64,1/10
7448,Exploring the Reaches of Translingual Approaches to Writing Studies,Panel,Forum Sessions,4,Teaching: Writing,['LSL Global English'],10:15:00,11:30:00,65,1/10
7452,“Lost” Scholarly Texts in Rhetoric and Composition,Roundtable,Forum Sessions,60,Teaching: Writing,['RCWS Writing Pedagogies'],12:00:00,13:15:00,11,1/10
7466,"Pleasure, Art, and the Human in Africa",Panel,Forum Sessions,30,African Literatures: African Literatures,['LLC African since 1990'],08:30:00,09:45:00,65,1/10
7484,Italian Humor and Humanity (1200–1600),Panel,Forum Sessions,20,Italian Literature: Italian Literature,['LLC Medieval and Renaissance Italian'],12:00:00,13:15:00,65,1/10
7492,Italian Literary Mythologies (1200–1600),Panel,Forum Sessions,20,Italian Literature: Italian Literature,['LLC Medieval and Renaissance Italian'],15:30:00,16:45:00,65,1/10
7495,"Overlapping Colonialisms: Imperial Rivalries in Africa, the Americas, and the Pacific",Panel,Forum Sessions,50,Spanish Literature: General,['CLCS Global Hispanophone'],13:45:00,15:00:00,65,1/10
7502,"Becoming Italians? Migrant Literature, Arts, Media, and Film",Panel,Forum Sessions,35,Italian Literature: Italian Literature,['LLC 20th- and 21st-Century Italian'],17:15:00,18:30:00,65,1/10
7512,Margaret Atwood’s The Testaments,Roundtable,Allied Organizations,65,Other Literature in English: Canadian,['Margaret Atwood Society'],10:15:00,11:30:00,13,1/10
7513,Appraising Beauty in Henry James,Panel,Allied Organizations,25,American Literature: General,['Henry James Society'],10:15:00,11:30:00,66,1/10
7514,Decolonization and the Age of Goethe,Roundtable,Allied Organizations,40,German Literature: Eighteenth and Early Nineteenth Centuries,['Goethe Society of North America'],15:30:00,16:45:00,7,1/10
7516,Is Translation a “Loaded Gun”?,Roundtable,Allied Organizations,30,American Literature: Before 1900,['Emily Dickinson International Society'],19:00:00,20:15:00,7,1/10
7519,Byron’s Complete Poetical Works at Forty,Roundtable,Allied Organizations,40,British Literature: Nineteenth Century,['Byron Society of America'],10:15:00,11:30:00,11,1/10
7528,Race and Ethnicity in the Teaching of Premodern East Asian Literature,Roundtable,Forum Sessions,10,Asian Literatures: Asian Literatures,['LLC East Asian'],10:15:00,11:30:00,4,1/10
7531,Black Studies and Decolonization: West Asian Contexts,Panel,Forum Sessions,25,Comparative Literature: General,['LLC West Asian'],19:00:00,20:15:00,65,1/10
7535,Feminisms and Alternative Geographies,Panel,Forum Sessions,30,"Genre, Theory, Method: Literature and Other Arts, Humanities, Law, Psychology, Science, and Sociology",['TC Women’s and Gender Studies'],12:00:00,13:15:00,66,1/10
7544,Embodying Difference: Disrupting Disability in Language and Literature,Roundtable,Forum Sessions,50,Linguistics: General,['LSL Language and Society'],13:45:00,15:00:00,11,1/10
7548,Eighteenth- and Nineteenth-Century Spanish and Iberian Pacific Rim,Panel,Forum Sessions,40,Spanish Literature: Eighteenth and Nineteenth Centuries,['LLC 18th- and 19th-Century Spanish and Iberian'],13:45:00,15:00:00,66,1/10
7549,Energy Modernities,Roundtable,Forum Sessions,75,British Literature: Twentieth and Twenty-First Centuries,['LLC 20th- and 21st-Century English and Anglophone'],12:00:00,13:15:00,13,1/10
7550,Early Modern Racialization and the Idea of the Human,Roundtable,Forum Sessions,60,Comparative Literature: Medieval and Renaissance,['CLCS Renaissance and Early Modern'],15:30:00,16:45:00,11,1/10
7553,Digital Culture and Statelessness,Panel,Allied Organizations,30,"Genre, Theory, Method: Electronic Technology (Teaching, Research, and Theory)",['Electronic Literature Organization'],15:30:00,16:45:00,66,1/10
7556,Being Human in Inhuman Times—Examples from Austrian Literature,Panel,Allied Organizations,30,German Literature: Twentieth and Twenty-First Centuries,['Modern Austrian Literature and Culture Association'],17:15:00,18:30:00,66,1/10
7560,Disaster Literatures of East Asia,Panel,Forum Sessions,30,Asian Literatures: Asian Literatures,['LLC East Asian'],12:00:00,13:15:00,67,1/10
7576,Enclosure and Incarceration in Catalan Culture,Panel,Forum Sessions,30,Catalan Literature: Catalan Literature,['LLC Catalan Studies'],19:00:00,20:15:00,66,1/10
7610,“Grossly Material Things”: Woolf and the New Materialism,Panel,Allied Organizations,50,British Literature: Twentieth and Twenty-First Centuries,['International Virginia Woolf Society'],08:30:00,09:45:00,67,1/10
7612,Un/Bound,Panel,Forum Sessions,50,"Genre, Theory, Method: Literature and Other Arts, Humanities, Law, Psychology, Science, and Sociology",['GS Life Writing'],15:30:00,16:45:00,67,1/10
7618,The Beginning of the Twenty-First Century,Roundtable,Forum Sessions,35,French Literature: Twentieth and Twenty-First Centuries,['LLC 20th- and 21st-Century French'],19:00:00,20:15:00,11,1/10
7620,Representing the Camps: The Problem of Genre,Panel,Forum Sessions,25,Slavic and East European Literatures: Slavic and East European Literatures,['LLC Slavic and East European'],10:15:00,11:30:00,67,1/10
7625,Databases and Print Culture Studies,Roundtable,Allied Organizations,50,The Profession: Research and Bibliography,"['Society for the History of Authorship, Reading, and Publishing']",17:15:00,18:30:00,11,1/10
7627,The Function of American Literary Criticism at the Present Time,Panel,Forum Sessions,50,The Profession: English and American,['LLC 20th- and 21st-Century American'],13:45:00,15:00:00,67,1/10
7644,"Beyond the Border: Plant, Animal, Human",Panel,Forum Sessions,20,Comparative Literature: Eighteenth and Nineteenth Centuries,['CLCS 18th-Century'],19:00:00,20:15:00,67,1/10
7649,Authors Made and Remade,Panel,Allied Organizations,30,"Genre, Theory, Method: History of the Book, Reception Theory, Comparison with Other Media, and Performance",['Reception Study Society'],17:15:00,18:30:00,67,1/10
7662,"Making, Preserving, and Curating Born-Digital Literature",Roundtable,Allied Organizations,45,"Genre, Theory, Method: Electronic Technology (Teaching, Research, and Theory)",['Electronic Literature Organization'],13:45:00,15:00:00,13,1/10
7663,Critical Engagements between Modern Languages and Digital Humanities,Roundtable,Forum Sessions,50,Comparative Literature: General,['TC Digital Humanities'],15:30:00,16:45:00,13,1/10
7683,HBCU Innovation Matters,Roundtable,Forum Sessions,60,The Profession: English and American,['LLC African American'],17:15:00,18:30:00,13,1/10
7684,"Spenser, Ecology, and the Dream of a Legible Environment",Roundtable,Forum Sessions,30,British Literature: Renaissance and Elizabethan,['LLC 16th-Century English'],19:00:00,20:15:00,13,1/10
7835,Visual Epistemology in Late Imperial China,Roundtable,Forum Sessions,25,Asian Literatures: Asian Literatures,['LLC Ming and Qing Chinese'],15:30:00,16:45:00,4,1/10
7934,General Business Meeting of the Forum LLC 19th- and Early-20th-Century German,Roundtable,Forum Sessions,25,German Literature: Nineteenth and Early Twentieth Centuries,['LLC 19th- and Early-20th-Century German'],08:30:00,09:45:00,4,1/10
7982,Reading Women Writers,Roundtable,Forum Sessions,25,"Portuguese, Luso-Brazilian, and Lusophone Literatures: Portuguese, Luso-Brazilian, and Lusophone Literatures",['LLC Luso-Brazilian'],12:00:00,13:15:00,4,1/10
8007,[Canceled] Language Change Forum: New Directions,Roundtable,Forum Sessions,25,Linguistics: General,['LSL Language Change'],17:15:00,18:30:00,4,1/10
8201,Strategies for #Decolonizing,Workshop,MLA Committees,60,Comparative Literature: General,['MLA Office of the Executive Director'],12:00:00,13:15:00,15,1/10
6361,Paris Was a Woman,Panel,Special Sessions,30,"Genre, Theory, Method: Literature and Other Arts, Humanities, Law, Psychology, Science, and Sociology",[''],08:30:00,09:45:00,1,1/11
6364,Fake Scotlands: From Ossian to Outlander,Panel,Special Sessions,20,Other Literature in English: Scottish,[''],10:15:00,11:30:00,1,1/11
6371,Improvisation in Nineteenth-Century American Literature,Panel,Special Sessions,35,American Literature: Before 1900,[''],12:00:00,13:15:00,1,1/11
6381,Political Imagination in Iberian and Latin American Graphic Narratives,Panel,Special Sessions,30,Latin American Literature: Latin American Literature,[''],13:45:00,15:00:00,1,1/11
6386,"Graduate Admissions: Past, Present, and Especially Future",Roundtable,Special Sessions,60,The Profession: General,[''],15:30:00,16:45:00,2,1/11
6390,Posthumous Returns of African American Film and Literature,Panel,Special Sessions,50,American Literature: Twentieth and Twenty-First Centuries,[''],17:15:00,18:30:00,1,1/11
6401,"Race, Recovery, and Early African American Print Culture",Panel,Special Sessions,25,American Literature: Before 1900,[''],19:00:00,20:15:00,1,1/11
6943,"Witness, Testimony, Story, Counterstory: Languaging Race and Racism in the Teaching of Writing",Panel,Allied Organizations,75,The Profession: General,['Conference on College Composition and Communication'],08:30:00,09:45:00,54,1/11
7031,Writing Projects in Graduate School: Writing with and through Anxiety,Panel,MLA Committees,25,The Profession: General,['MLA Committee on the Status of Graduate Students in the Humanities'],10:15:00,11:30:00,9,1/11
7065,Empowering Graduate Student Writers: Theories and Strategies for Writers and Their Advisers,Panel,MLA Committees,40,The Profession: General,['MLA Committee on the Status of Graduate Students in the Humanities'],12:00:00,13:15:00,10,1/11
7085,Advocacy for the Humanities at the Statehouse and Beyond,Roundtable,MLA Committees,50,The Profession: General,['MLA Office of the Executive Director'],13:45:00,15:00:00,2,1/11
7146,Keywords for the Future,Panel,Plenary Sessions,200,The Profession: General,['MLA Committee on the Literatures of People of Color in the United States and Canada'],17:15:00,18:30:00,66,1/11
7149,"DH Curious? Digital Humanities Tools and Technologies for Students, Emerging Scholars, Faculty Members, Librarians, and Administrators",Workshop,MLA Committees,55,The Profession: General,['MLA Career Center'],19:00:00,20:15:00,15,1/11
7203,Robert Frost and Fiction,Panel,Allied Organizations,15,American Literature: Twentieth and Twenty-First Centuries,['Robert Frost Society'],15:30:00,16:45:00,1,1/11
7207,"Distinguishing the Simulacrum from the Real, Qualified Optimism, and Stoicism in Midwestern Literature",Panel,Allied Organizations,18,American Literature: Twentieth and Twenty-First Centuries,['Society for the Study of Midwestern Literature'],08:30:00,09:45:00,9,1/11
7239,Decolonizing in and through Sound Art,Panel,Forum Sessions,40,American Literature: Twentieth and Twenty-First Centuries,['MS Sound'],10:15:00,11:30:00,10,1/11
7349,"Faulkner’s Parallel Worlds: Policy, Translation, Circulation",Panel,Allied Organizations,50,American Literature: Twentieth and Twenty-First Centuries,['William Faulkner Society'],13:45:00,15:00:00,10,1/11
7412,Black Time and Temporality,Panel,Forum Sessions,70,American Literature: Twentieth and Twenty-First Centuries,['TC Race and Ethnicity Studies'],12:00:00,13:15:00,54,1/11
7461,Contemporary Materialisms,Panel,Allied Organizations,50,"Genre, Theory, Method: Literary Criticism and Theory",['Marxist Literary Group'],08:30:00,09:45:00,10,1/11
7503,Postcolonial Architecture,Panel,Forum Sessions,30,Comparative Literature: Twentieth and Twenty-First Centuries,['TC Postcolonial Studies'],12:00:00,13:15:00,9,1/11
7533,Intersectionality and Italian American Studies,Panel,Forum Sessions,30,American Literature: Twentieth and Twenty-First Centuries,['LLC Italian American'],19:00:00,20:15:00,9,1/11
7626,The Death Drive,Panel,Forum Sessions,25,Comparative Literature: Twentieth and Twenty-First Centuries,"['TC Psychology, Psychoanalysis, and Literature']",13:45:00,15:00:00,9,1/11
7648,Fanon and Psychoanalysis: In and beyond Postcolonial Studies,Panel,Forum Sessions,25,Comparative Literature: Twentieth and Twenty-First Centuries,"['TC Psychology, Psychoanalysis, and Literature']",15:30:00,16:45:00,9,1/11
7656,Vast Early America,Panel,Forum Sessions,25,American Literature: Before 1900,['LLC Early American'],17:15:00,18:30:00,9,1/11
7667,Contextualizing Critical Debates: Narrative Theory and Sociopolitical Change,Panel,Allied Organizations,60,"Genre, Theory, Method: Literature and Other Arts, Humanities, Law, Psychology, Science, and Sociology",['International Society for the Study of Narrative'],10:15:00,11:30:00,54,1/11
7671,The Frankfurt School and Psychoanalysis,Panel,Forum Sessions,30,Comparative Literature: Twentieth and Twenty-First Centuries,"['TC Psychology, Psychoanalysis, and Literature']",17:15:00,18:30:00,10,1/11
7675,"Overlapping Colonialisms: Ties, Tensions, and Transitions between the Spanish and British Empires",Panel,Forum Sessions,30,Latin American Literature: Latin American Literature,['LLC Colonial Latin American'],15:30:00,16:45:00,10,1/11
7688,(Re)Imagining Early Modern Anglo-Arab Encounters,Roundtable,Forum Sessions,40,British Literature: Renaissance and Elizabethan,['LLC 16th-Century English'],08:30:00,09:45:00,2,1/11
7694,Heine: Intervention and Reception,Panel,Allied Organizations,25,German Literature: Nineteenth and Early Twentieth Centuries,['North American Heine Society'],19:00:00,20:15:00,10,1/11
7697,What’s Next for Law and the Humanities?,Panel,Forum Sessions,25,"Genre, Theory, Method: Literature and Other Arts, Humanities, Law, Psychology, Science, and Sociology",['TC Law and the Humanities'],13:45:00,15:00:00,54,1/11
7701,Being Human in the (Post)Colonial: Australia,Panel,Allied Organizations,15,Other Literature in English: Australian,['American Association of Australian Literary Studies'],15:30:00,16:45:00,54,1/11
7703,Beyond Human in Modern Hebrew Literature,Panel,Forum Sessions,20,Hebrew Literature: Hebrew Literature,['LLC Hebrew'],17:15:00,18:30:00,54,1/11
7708,"Spenser’s Species; or, Fantastic Beasts and Where to Find Them",Panel,Allied Organizations,30,British Literature: Renaissance and Elizabethan,['International Spenser Society'],19:00:00,20:15:00,54,1/11
7710,Digital Humanities and Media Studies: Reading at Scale,Panel,Forum Sessions,50,"Genre, Theory, Method: Electronic Technology (Teaching, Research, and Theory)",['TC Digital Humanities'],08:30:00,09:45:00,55,1/11
7711,Jewish Women and Popular Culture,Panel,Forum Sessions,35,Jewish Literature: Jewish Literature,['LLC Jewish American'],10:15:00,11:30:00,55,1/11
7721,On (Not) Breaking Our Bonds: Teaching Writing in English Departments in 2020,Panel,Forum Sessions,60,Teaching: Writing,['RCWS Writing Pedagogies'],12:00:00,13:15:00,55,1/11
7725,When Texts Move: Teaching Digital Writing Projects,Panel,Forum Sessions,60,Teaching: Writing,['RCWS Writing Pedagogies'],13:45:00,15:00:00,55,1/11
7727,The Caribbean 1970s,Panel,Forum Sessions,25,Other Literature in English: Caribbean,['CLCS Caribbean'],15:30:00,16:45:00,55,1/11
7730,Emotions in Premodern German Literature and Culture,Panel,Forum Sessions,20,German Literature: Before 1700,['LLC German to 1700'],17:15:00,18:30:00,55,1/11
7736,Digital Humanities and Premodern Germany,Panel,Forum Sessions,30,German Literature: Before 1700,['LLC German to 1700'],19:00:00,20:15:00,55,1/11
7742,Global Realisms in South Asia since 1950,Panel,Forum Sessions,40,Asian Literatures: Asian Literatures,['LLC South Asian and South Asian Diasporic'],08:30:00,09:45:00,56,1/11
7743,Digital Humanities and Computational Media: At the Interface,Panel,Forum Sessions,50,"Genre, Theory, Method: Electronic Technology (Teaching, Research, and Theory)",['TC Digital Humanities'],10:15:00,11:30:00,56,1/11
7750,American Settler Colonialisms,Panel,Forum Sessions,50,American Literature: Before 1900,['LLC Early American'],13:45:00,15:00:00,56,1/11
7751,What Is a Novel? Italian Novels across the Centuries,Panel,Forum Sessions,15,Italian Literature: Italian Literature,"['LLC 17th-, 18th-, and 19th-Century Italian']",12:00:00,13:15:00,56,1/11
7755,Surrealism and Anti-Fascism,Panel,Allied Organizations,45,Comparative Literature: Twentieth and Twenty-First Centuries,['Association for the Study of Dada and Surrealism'],19:00:00,20:15:00,56,1/11
7760,Avant-Garde Onlookers,Panel,Allied Organizations,45,Comparative Literature: Twentieth and Twenty-First Centuries,['Association for the Study of Dada and Surrealism'],08:30:00,09:45:00,57,1/11
7762,Yiddish in Latin America: Literary Collections and Series,Panel,Forum Sessions,15,Jewish Literature: Jewish Literature,['LLC Yiddish'],15:30:00,16:45:00,56,1/11
7768,Race in Translation: East Asian Literatures,Panel,Forum Sessions,30,Asian Literatures: Asian Literatures,['LLC East Asian'],17:15:00,18:30:00,56,1/11
7769,"Reevaluating Environmental Agency in Literature, Film, and Visual Arts",Panel,Allied Organizations,20,"Genre, Theory, Method: Film, Television, and Other Media",['Graduate Student Caucus'],10:15:00,11:30:00,57,1/11
7784,Being Human in Italian Texts: 1601–1900,Panel,Forum Sessions,12,Italian Literature: Italian Literature,"['LLC 17th-, 18th-, and 19th-Century Italian']",13:45:00,15:00:00,57,1/11
7794,Francophone Studies and the New Humanities,Panel,Forum Sessions,25,Francophone Literature: General,['LLC Francophone'],12:00:00,13:15:00,57,1/11
7795,Postcolonial Critique Now and the Work of Literature,Roundtable,Forum Sessions,45,Other Literature in English: General,['TC Postcolonial Studies'],10:15:00,11:30:00,2,1/11
7799,Sylvia Wynter and/in the Undergraduate Classroom,Panel,Forum Sessions,20,Other Literature in English: Caribbean,['CLCS Caribbean'],17:15:00,18:30:00,57,1/11
7800,Black Marxism Revisited,Panel,Forum Sessions,100,American Literature: General,"['TC Marxism, Literature, and Society']",15:30:00,16:45:00,57,1/11
7802,Public Victorians,Roundtable,Allied Organizations,50,British Literature: Nineteenth Century,['Dickens Society'],12:00:00,13:15:00,2,1/11
7803,Advocating for Foreign Language Departments,Panel,Forum Sessions,25,The Profession: Foreign Languages,['HEP Teaching as a Profession'],19:00:00,20:15:00,57,1/11
7820,Tourbillons et Troubles: Toward a Materialist Poetics of Turbulence in the Seventeenth Century,Panel,Forum Sessions,25,French Literature: Seventeenth Century,['LLC 17th-Century French'],08:30:00,09:45:00,58,1/11
7826,Carceral Aesthetics,Panel,Forum Sessions,75,American Literature: General,"['TC Marxism, Literature, and Society']",10:15:00,11:30:00,58,1/11
7827,Medieval Play,Panel,Forum Sessions,50,French Literature: Medieval and Renaissance,['LLC Medieval French'],12:00:00,13:15:00,58,1/11
7830,Intertextuality in Language Contact,Panel,Forum Sessions,20,Linguistics: General,['LSL General Linguistics'],13:45:00,15:00:00,58,1/11
7833,Digital Humanities and/in Beckett Studies,Roundtable,Allied Organizations,50,British Literature: Twentieth and Twenty-First Centuries,['Samuel Beckett Society'],17:15:00,18:30:00,2,1/11
7834,Data and Ethics in Digital Literary Studies,Roundtable,Allied Organizations,75,The Profession: Research and Bibliography,['Association for Computers and the Humanities'],08:30:00,09:45:00,8,1/11
7842,Indigenous Literatures and the Anthropocene,Panel,Forum Sessions,40,American Literature: General,['LLC Indigenous Literatures of the United States and Canada'],17:15:00,18:30:00,58,1/11
7844,New Approaches to Reading (in) Nineteenth-Century America,Roundtable,Forum Sessions,30,American Literature: Before 1900,['LLC 19th-Century American'],08:30:00,09:45:00,3,1/11
7851,States of the Field: The 1921 Prize in American Literature,Roundtable,Allied Organizations,50,American Literature: General,['American Literature Society'],19:00:00,20:15:00,2,1/11
7853,How to Approach the Epic Genre in the Time of Donald Trump,Panel,Allied Organizations,25,Spanish Literature: Medieval and Renaissance,"['Société Rencesvals, American-Canadian Branch']",15:30:00,16:45:00,58,1/11
7863,Scottish Literature and the Clearances,Panel,Forum Sessions,25,Other Literature in English: Scottish,['LLC Scottish'],19:00:00,20:15:00,58,1/11
7870,American Archival Absences,Panel,Allied Organizations,50,American Literature: General,['American Literature Society'],08:30:00,09:45:00,59,1/11
7885,Teaching the History of the English Language,Roundtable,MLA Committees,35,Linguistics: English and American,['MLA Publications Committee'],10:15:00,11:30:00,3,1/11
7888,Where Does CanLit End?,Panel,Forum Sessions,20,Other Literature in English: Canadian,['LLC Canadian'],10:15:00,11:30:00,59,1/11
7904,"Melville, Gesture, Love",Panel,Allied Organizations,200,American Literature: Before 1900,['Melville Society'],10:15:00,11:30:00,66,1/11
7915,Publishing for the Digital Humanities,Roundtable,Allied Organizations,100,The Profession: Publishing and Editing,['Council of Editors of Learned Journals'],10:15:00,11:30:00,8,1/11
7919,Sound Disruptions,Panel,Forum Sessions,50,Other Literature in English: General,['TC Postcolonial Studies'],13:45:00,15:00:00,59,1/11
7924,The Discourses of Luxury in Seventeenth-Century France,Panel,Forum Sessions,25,French Literature: Seventeenth Century,['LLC 17th-Century French'],12:00:00,13:15:00,59,1/11
7937,Visualizing Catalunya,Panel,Forum Sessions,40,Catalan Literature: Catalan Literature,['LLC 18th- and 19th-Century Spanish and Iberian'],15:30:00,16:45:00,59,1/11
7938,Vegetal Imaginations: Plants in German Literature and Culture,Panel,Allied Organizations,30,German Literature: General,['Women in German'],17:15:00,18:30:00,59,1/11
7941,"Satire, Censorship, Authority",Panel,Forum Sessions,25,German Literature: Nineteenth and Early Twentieth Centuries,['LLC 19th- and Early-20th-Century German'],08:30:00,09:45:00,60,1/11
7944,Black Feminisms Now,Panel,Forum Sessions,25,"Genre, Theory, Method: Literary Criticism and Theory",['TC Women’s and Gender Studies'],19:00:00,20:15:00,59,1/11
7946,Transnational and Global Cinema in Portuguese,Panel,Forum Sessions,24,"Portuguese, Luso-Brazilian, and Lusophone Literatures: Portuguese, Luso-Brazilian, and Lusophone Literatures",['LLC Luso-Brazilian'],10:15:00,11:30:00,60,1/11
7951,"Threats to Brazilian Academia, Culture, and Education under Bolsonaro’s Government",Panel,Forum Sessions,25,"Portuguese, Luso-Brazilian, and Lusophone Literatures: Portuguese, Luso-Brazilian, and Lusophone Literatures",['LLC Luso-Brazilian'],12:00:00,13:15:00,60,1/11
7952,Invisible Labor: The Domestic Worker in Mexican and Latinx Cultural Production,Roundtable,Forum Sessions,35,Latin American Literature: Latin American Literature,['LLC Mexican'],12:00:00,13:15:00,3,1/11
7954,"Confederate Monuments, Memory, and Memorial",Roundtable,Forum Sessions,40,American Literature: General,['LLC 19th-Century American'],12:00:00,13:15:00,7,1/11
7955,Intersections between Second-Language Studies and STEM,Panel,Forum Sessions,30,Teaching: Language,['LSL Second-Language Teaching and Learning'],13:45:00,15:00:00,60,1/11
7956,Sino-French Exchanges in the Long Nineteenth Century,Panel,Forum Sessions,40,French Literature: Eighteenth and Nineteenth Centuries,['LLC 19th-Century French'],15:30:00,16:45:00,60,1/11
7959,Editors’ Roundtable: Futures of American Literary Scholarship,Roundtable,Allied Organizations,50,American Literature: General,['American Literature Society'],13:45:00,15:00:00,8,1/11
7960,"Second-Language Research and Practice: Looking Back, Moving Forward",Panel,Allied Organizations,30,Teaching: Language,['American Association of University Supervisors and Coordinators'],17:15:00,18:30:00,60,1/11
7969,Data and Justice,Panel,Forum Sessions,75,"Genre, Theory, Method: Electronic Technology (Teaching, Research, and Theory)",['TC Digital Humanities'],19:00:00,20:15:00,60,1/11
7976,Migration in a Global German Studies: Positionalities,Panel,Forum Sessions,30,German Literature: Twentieth and Twenty-First Centuries,['LLC 20th- and 21st-Century German'],08:30:00,09:45:00,61,1/11
7990,Popular Culture and Technology,Panel,Forum Sessions,50,"Genre, Theory, Method: Cultural Studies, Folklore, and Popular Culture",['TC Popular Culture'],10:15:00,11:30:00,61,1/11
7993,"Being Human, Technology, and New Media",Panel,Forum Sessions,20,Linguistics: General,['LSL Language Change'],12:00:00,13:15:00,61,1/11
8012,Time (Again) for E. P. Thompson,Panel,Forum Sessions,25,British Literature: Late Eighteenth Century,['LLC Late-18th-Century English'],13:45:00,15:00:00,61,1/11
8018,“On Theme” / “V Teme”: Sex and Text on the Soviet Periphery,Panel,Allied Organizations,25,Slavic and East European Literatures: Slavic and East European Literatures,['American Association of Teachers of Slavic and East European Languages'],15:30:00,16:45:00,61,1/11
8027,Skaldic Poetry at the MLA,Panel,Forum Sessions,20,Scandinavian Literatures: Scandinavian Literatures,['LLC Old Norse'],17:15:00,18:30:00,61,1/11
8031,Semantic Relations and Personal Names,Panel,Allied Organizations,20,Comparative Literature: General,['American Name Society'],19:00:00,20:15:00,61,1/11
8050,MLA Language Enrollment Census: Models of Successful Programs,Roundtable,MLA Committees,40,Teaching: Language,['MLA Office of Programs'],08:30:00,09:45:00,7,1/11
8058,Making the Invisible Minor Robust,Roundtable,MLA Committees,30,Teaching: Language,['ADFL Executive Committee'],15:30:00,16:45:00,3,1/11
8064,Animal Thinking,Panel,Forum Sessions,20,Provençal Literature: Provençal Literature,['LLC Occitan'],08:30:00,09:45:00,62,1/11
8068,"“Mankind Was My Business!”: Dickens and the Exploration of Humanity, Humanism, and Being Human",Panel,Allied Organizations,25,British Literature: Nineteenth Century,['Dickens Society'],10:15:00,11:30:00,62,1/11
8069,"New Models for Master’s Degrees in Languages, Cultures, Media, and Digital Humanities",Roundtable,MLA Committees,40,Teaching: Language,['ADFL Executive Committee'],10:15:00,11:30:00,7,1/11
8070,Migration in a Global German Studies: Performances and Histories,Panel,Forum Sessions,30,German Literature: Twentieth and Twenty-First Centuries,['LLC 20th- and 21st-Century German'],12:00:00,13:15:00,62,1/11
8075,Migration in a Global German Studies: Memory,Panel,Forum Sessions,50,German Literature: Twentieth and Twenty-First Centuries,['LLC 20th- and 21st-Century German'],13:45:00,15:00:00,62,1/11
8113,The Letterpress Studio as a Campus Maker Space,Roundtable,Forum Sessions,30,"Genre, Theory, Method: History of the Book, Reception Theory, Comparison with Other Media, and Performance",['TM Bibliography and Scholarly Editing'],13:45:00,15:00:00,3,1/11
8114,Three Methodological Approaches to Studying Literacy Transactions in Practice,Panel,Forum Sessions,10,"Genre, Theory, Method: Writing Studies",['RCWS Literacy Studies'],15:30:00,16:45:00,62,1/11
8118,Galician Narco-Poetics: From Subaltern Narratives to Global Fictions,Panel,Forum Sessions,20,Galician Literature: Galician Literature,['LLC Galician'],17:15:00,18:30:00,62,1/11
8126,Sephardic Cultural Expressions in the Portuguese- and Spanish-Speaking Americas and Beyond,Panel,Forum Sessions,20,Jewish Literature: Jewish Literature,['LLC Sephardic'],19:00:00,20:15:00,62,1/11
8127,Romanticism:  20/20 Hindsight,Panel,Forum Sessions,60,British Literature: Nineteenth Century,['LLC English Romantic'],08:30:00,09:45:00,63,1/11
8133,"Migrants, Exiles, and Refugees in the Work of Doris Lessing",Panel,Allied Organizations,25,British Literature: Twentieth and Twenty-First Centuries,['Doris Lessing Society'],10:15:00,11:30:00,63,1/11
8134,In/Sight of Seattle,Panel,Forum Sessions,15,"Genre, Theory, Method: Film, Television, and Other Media",['MS Visual Culture'],12:00:00,13:15:00,63,1/11
8138,New Directions in Visual Culture,Panel,Forum Sessions,30,"Genre, Theory, Method: Film, Television, and Other Media",['MS Visual Culture'],13:45:00,15:00:00,63,1/11
8141,Career Pathways for Job Seekers in Languages,Roundtable,MLA Committees,40,The Profession: Foreign Languages,['Association of Departments of Foreign Languages'],13:45:00,15:00:00,7,1/11
8145,Borders of the Human: Migration and/in Literature,Panel,Forum Sessions,30,Hungarian Literature: Hungarian Literature,['LLC Hungarian'],15:30:00,16:45:00,63,1/11
8147,Being Human in Dostoevsky,Panel,Allied Organizations,25,Slavic and East European Literatures: Slavic and East European Literatures,['International Dostoevsky Society'],17:15:00,18:30:00,63,1/11
8150,"Empires, States, Forms",Panel,Forum Sessions,30,Hungarian Literature: Hungarian Literature,['LLC Hungarian'],19:00:00,20:15:00,63,1/11
8160,Exploring Strategies for LGBTQIA+ Inclusion in Language Classrooms,Roundtable,MLA Committees,40,Teaching: Language,['ADFL Executive Committee'],19:00:00,20:15:00,7,1/11
8168,Placeholder - GS Nonfiction Prose,Panel,Forum Sessions,25,,['GS Nonfiction Prose'],08:30:00,09:45:00,64,1/11
8172,Building Authentic and Articulated Learning Experiences that All Students Can Access,Roundtable,MLA Committees,50,Teaching: General,['MLA Committee on K–16 Alliances'],12:00:00,13:15:00,8,1/11
8183,"Integrated Learning Experiences in the Humanities and Art with Science, Technology, Engineering, and Medicine",Roundtable,MLA Committees,75,Teaching: General,['MLA Office of the Executive Director'],15:30:00,16:45:00,8,1/11
8186,Research Projects from the MLA Reading-Writing Pedagogy Institutes,Roundtable,MLA Committees,50,Teaching: Writing,['MLA Office of the Executive Director'],17:15:00,18:30:00,8,1/11
6431,Humanizing Online Literature Classes,Workshop,Special Sessions,30,Teaching: Literature,[''],08:30:00,09:45:00,15,1/12
6470,Reading Whitman Anew,Panel,Special Sessions,25,American Literature: Before 1900,[''],10:15:00,11:30:00,1,1/12
6483,Autotheoretical Grammar: Undoing the Singular and Other Experiments in Political Endurance,Panel,Special Sessions,50,"Genre, Theory, Method: Literary Criticism and Theory",[''],12:00:00,13:15:00,1,1/12
6493,The Uncanny Topicality of African American Literature,Panel,Special Sessions,50,American Literature: Twentieth and Twenty-First Centuries,[''],13:45:00,15:00:00,1,1/12
6506,Fighting Exploitation of Contingent Faculty Members from Within: How Tenure-Stream Allies Can Help Create Equity on Campus,Workshop,Special Sessions,50,The Profession: General,[''],15:30:00,16:45:00,15,1/12
6508,The Eunuch: Past(s) and Present(s),Panel,Special Sessions,30,Comparative Literature: General,[''],17:15:00,18:30:00,1,1/12
6518,Shakespearean Phenomenology,Panel,Special Sessions,25,British Literature: Shakespeare,[''],19:00:00,20:15:00,1,1/12
7160,Academic Empire,Roundtable,Linked Sessions,50,The Profession: General,['MLA Committee on the Literatures of People of Color in the United States and Canada'],08:30:00,09:45:00,2,1/12
7165,Digital Humanities and Open Scholarship: An Introduction,Workshop,MLA Committees,55,The Profession: General,['MLA Career Center'],10:15:00,11:30:00,15,1/12
7168,"Critical Pedagogies: Precarity, Contingency, and Professional Practice",Panel,Linked Sessions,50,The Profession: General,['MLA Committee on the Literatures of People of Color in the United States and Canada'],12:00:00,13:15:00,10,1/12
7212,Institutional Contexts and the Shaping and Reshaping of Power,Roundtable,MLA Committees,40,The Profession: General,['MLA Committee on the Status of Women in the Profession'],13:45:00,15:00:00,2,1/12
7241,Intellectual Work and the End of Higher Education,Roundtable,MLA Committees,30,The Profession: General,['MLA Office of Scholarly Communication'],17:15:00,18:30:00,2,1/12
7445,Graduate Student Mentoring,Roundtable,MLA Committees,100,The Profession: General,['MLA Committee on the Status of Graduate Students in the Humanities'],19:00:00,20:15:00,8,1/12
7570,Without Papers,Panel,Forum Sessions,25,American Literature: Twentieth and Twenty-First Centuries,['LLC Literatures of the United States in Languages Other Than English'],08:30:00,09:45:00,1,1/12
7586,"Corpse Female: Reproduction, Embodiment, and the Feminine in Faulkner",Panel,Allied Organizations,50,American Literature: Twentieth and Twenty-First Centuries,['William Faulkner Society'],15:30:00,16:45:00,1,1/12
7680,Are We in a New Southern Literary Renaissance?,Panel,Forum Sessions,40,American Literature: Twentieth and Twenty-First Centuries,['LLC Southern United States'],10:15:00,11:30:00,10,1/12
7685,Legacies of Ursula K. Le Guin (1929–2018),Panel,Forum Sessions,50,American Literature: Twentieth and Twenty-First Centuries,['GS Speculative Fiction'],17:15:00,18:30:00,10,1/12
7749,Digital Humanities as Activism,Panel,Forum Sessions,25,American Literature: Twentieth and Twenty-First Centuries,['LLC African American'],12:00:00,13:15:00,9,1/12
7763,Literatures of the Missing and Murdered Indigenous Women and Girls (MMIWG) Movement,Panel,Allied Organizations,30,American Literature: Twentieth and Twenty-First Centuries,['Association for the Study of American Indian Literatures'],19:00:00,20:15:00,9,1/12
